{"K": [[694.4444580078125, 0.0, 250.0], [0.0, 694.4444580078125, 250.0], [0.0, 0.0, 1.0]], "RT": [[-0.9865718832053958, 1.2661020532047616e-07, 0.16332646109973734, -6.465801902787072e-07], [-0.004833778843037476, -0.9995618567953543, -0.02919753379054599, -1.0256189853514921e-07], [0.163254925106766, -0.029595127487365952, 0.9861398425003919, 1.4000002145767212], [0.0, 0.0, 0.0, 1.0]], "P": [[-644.305908203125, -359.9562072753906, -7.398642539978027, 349.9996032714844], [37.456939697265625, -226.25881958007812, -701.5390625, 350.0], [0.16325496137142181, -0.9861400127410889, -0.029594961553812027, 1.4000002145767212]]}