{"K": [[694.4444580078125, 0.0, 250.0], [0.0, 694.4444580078125, 250.0], [0.0, 0.0, 1.0]], "RT": [[0.7805852931869892, -1.4334050761314534e-08, 0.6250492683967742, -2.890819851095603e-08], [-0.39966343019102607, -0.768864994840334, 0.49911490575449835, 2.980232242936507e-08], [0.4805785249788008, -0.6394110851129676, -0.6001646755482661, 1.4000000953674316], [0.0, 0.0, 0.0, 1.0]], "P": [[662.2177734375, -284.02081298828125, -159.85276794433594, 350.0], [-157.3994598388672, -196.56640625, -693.786865234375, 350.00006103515625], [0.48057854175567627, 0.6001647710800171, -0.6394111514091492, 1.4000000953674316]]}