{"K": [[694.4444580078125, 0.0, 250.0], [0.0, 694.4444580078125, 250.0], [0.0, 0.0, 1.0]], "RT": [[0.7582242842701648, 6.674006795021198e-08, -0.6519937906178337, 2.993465387692057e-08], [0.5868857961070332, -0.4356003112875398, 0.6825081302389218, 1.7881393434159674e-07], [-0.2840086969427768, -0.9001401479872324, -0.33028273286349336, 1.4000000953674316], [0.0, 0.0, 0.0, 1.0]], "P": [[455.5425109863281, 535.3441772460938, -225.03504943847656, 350.00006103515625], [336.5574645996094, -391.393310546875, -527.5352783203125, 350.0001525878906], [-0.2840086817741394, 0.3302828073501587, -0.9001402258872986, 1.4000000953674316]]}