{"K": [[694.4444580078125, 0.0, 250.0], [0.0, 694.4444580078125, 250.0], [0.0, 0.0, 1.0]], "RT": [[0.7655256153587184, 9.361274502333733e-08, -0.6434053708281324, 4.068082422375891e-08], [0.29593369281904414, -0.8879453009082044, 0.35210271785990793, 8.940696701944092e-08], [-0.5713088095891998, -0.4599490113992139, -0.6797448849622346, 1.4000000953674319], [0.0, 0.0, 0.0, 1.0]], "P": [[388.787841796875, 616.7455444335938, -114.98722839355469, 350.00006103515625], [62.68235778808594, -74.57955932617188, -731.615966796875, 350.0000915527344], [-0.5713087916374207, 0.6797449588775635, -0.4599490165710449, 1.4000000953674316]]}