{"K": [[694.4444580078125, 0.0, 250.0], [0.0, 694.4444580078125, 250.0], [0.0, 0.0, 1.0]], "RT": [[0.6776038675550778, -4.489515723024125e-08, -0.7354271148394583, 7.756688096504071e-08], [0.1459296068778953, -0.9801153394390515, 0.13445592086580307, 0.0], [-0.7208033896952184, -0.19842844232117474, -0.6641299249634858, 1.4000000953674316], [0.0, 0.0, 0.0, 1.0]], "P": [[290.35736083984375, 676.7457275390625, -49.60715866088867, 350.0000915527344], [-78.86083984375, 72.66031646728516, -730.2428588867188, 350.0000305175781], [-0.720803439617157, 0.6641299724578857, -0.1984284520149231, 1.4000000953674316]]}