{"K": [[694.4444580078125, 0.0, 250.0], [0.0, 694.4444580078125, 250.0], [0.0, 0.0, 1.0]], "RT": [[0.9783783882338696, 4.087411264210301e-08, -0.20682285538910655, 6.1628419722317e-08], [0.04186586351694556, -0.9792978547706601, 0.19804704314275592, 2.6263296606683257e-07], [-0.2025412152229108, -0.20242377821471277, -0.9581238335614475, 1.4000002145767212], [0.0, 0.0, 0.0, 1.0]], "P": [[628.7941284179688, 383.1580810546875, -50.60596466064453, 350.0000915527344], [-21.561756134033203, 101.99833679199219, -730.6741333007812, 350.000244140625], [-0.20254124701023102, 0.9581242203712463, -0.2024238407611847, 1.4000002145767212]]}