{"K": [[694.4444580078125, 0.0, 250.0], [0.0, 694.4444580078125, 250.0], [0.0, 0.0, 1.0]], "RT": [[-0.7272961870220565, 8.187834564764074e-08, 0.6863235736598466, -3.1850592549390544e-07], [-0.5907428704793098, -0.5090529662532057, -0.6260093990840417, -1.1920928977382522e-07], [0.3493750075587475, -0.8607351987597659, 0.37023236446660035, 1.4000000953674314], [0.0, 0.0, 0.0, 1.0]], "P": [[-417.72314453125, -569.1717529296875, -215.18373107910156, 349.99981689453125], [-322.89447021484375, 342.1707458496094, -568.6928100585938, 349.99993896484375], [0.34937506914138794, -0.37023240327835083, -0.8607351779937744, 1.4000000953674316]]}