{"K": [[694.4444580078125, 0.0, 250.0], [0.0, 694.4444580078125, 250.0], [0.0, 0.0, 1.0]], "RT": [[-0.5481675470876611, -1.0320723480953642e-08, 0.8363685002085736, -8.257788405031829e-08], [-0.42024126525547706, -0.8646007477244955, -0.2754319358868471, -4.4703483495577165e-08], [0.7231248112210864, -0.5024594778985411, 0.4739460775695579, 1.4000000953674316], [0.0, 0.0, 0.0, 1.0]], "P": [[-199.8907012939453, -699.2980346679688, -125.6148452758789, 349.9999694824219], [-111.05302429199219, 72.78571319580078, -726.0321044921875, 350.0], [0.7231249213218689, -0.47394612431526184, -0.5024594664573669, 1.4000000953674316]]}