{"K": [[694.4444580078125, 0.0, 250.0], [0.0, 694.4444580078125, 250.0], [0.0, 0.0, 1.0]], "RT": [[-0.997219320101273, -1.6656153187781788e-06, 0.07451903000371889, 2.411952664257358e-06], [-0.06982480201116875, -0.3492915072418793, -0.9344086273573285, 1.2223608792173115e-07], [0.026030423852490568, -0.9370140858260481, 0.3483202151327546, 1.4000000953674316], [0.0, 0.0, 0.0, 1.0]], "P": [[-686.0061645507812, -138.82943725585938, -234.2546844482422, 350.001708984375], [-41.98186492919922, 561.8151245117188, -476.817138671875, 350.0001220703125], [0.026030434295535088, -0.3483203053474426, -0.937014102935791, 1.4000000953674316]]}