{"K": [[694.4444580078125, 0.0, 250.0], [0.0, 694.4444580078125, 250.0], [0.0, 0.0, 1.0]], "RT": [[-0.9821733617266795, 3.2636429986832e-07, 0.1879764945117683, -3.348891368902288e-07], [-0.14895788501598248, -0.6099665234533295, -0.778300816940766, -1.3038516037718158e-07], [0.11465911811245684, -0.7924272027680024, 0.5990930083886099, 1.4000000953674316], [0.0, 0.0, 0.0, 1.0]], "P": [[-653.4002685546875, -280.31256103515625, -198.10653686523438, 349.9997863769531], [-74.77821350097656, 390.713623046875, -621.6947021484375, 349.99993896484375], [0.1146591454744339, -0.5990930795669556, -0.792427122592926, 1.4000000953674316]]}