{"K": [[694.4444580078125, 0.0, 250.0], [0.0, 694.4444580078125, 250.0], [0.0, 0.0, 1.0]], "RT": [[-0.963857711560151, 8.870539792645838e-08, -0.26641697325705377, -1.8906018796653497e-07], [0.10288158359095746, -0.9224284906014512, -0.37221080346382457, -1.490116120121959e-08], [-0.2457506711281444, -0.3861678398235793, 0.8890899370206841, 1.4000000953674316], [0.0, 0.0, 0.0, 1.0]], "P": [[-730.7835083007812, -37.26068115234375, -96.54188537597656, 349.9999084472656], [10.007892608642578, 36.20733642578125, -737.1173706054688, 350.0000305175781], [-0.24575071036815643, -0.8890900611877441, -0.3861677646636963, 1.4000000953674316]]}