{"K": [[694.4444580078125, 0.0, 250.0], [0.0, 694.4444580078125, 250.0], [0.0, 0.0, 1.0]], "RT": [[0.9989166910062827, 2.7963239733634022e-09, 0.0465337530487203, -1.3046703599895597e-09], [-0.02573142179847703, -0.8332061191017557, 0.5523635259379464, -2.525048327309879e-07], [0.03877220990005177, -0.5529625276988471, -0.8323035179022431, 1.3999999761581419], [0.0, 0.0, 0.0, 1.0]], "P": [[703.38525390625, 175.76077270507812, -138.24063110351562, 350.0], [-8.175989151000977, -175.50990295410156, -716.85595703125, 349.99981689453125], [0.038772210478782654, 0.832303524017334, -0.5529625415802002, 1.399999976158142]]}