{"K": [[694.4444580078125, 0.0, 250.0], [0.0, 694.4444580078125, 250.0], [0.0, 0.0, 1.0]], "RT": [[0.5548970827535473, -1.8416182539778451e-09, 0.8319189603409384, -4.38132978486314e-08], [-0.7886027960265741, -0.31847214249364725, 0.5260048394645584, -5.960464481466646e-08], [0.2649430135557339, -0.9479321959250153, -0.1767192668927802, 1.399999976158142], [0.0, 0.0, 0.0, 1.0]], "P": [[451.58099365234375, -533.541748046875, -236.98306274414062, 349.9999694824219], [-481.4051208496094, -321.1013488769531, -458.144287109375, 349.9999694824219], [0.26494303345680237, 0.1767192780971527, -0.947932243347168, 1.399999976158142]]}