{"K": [[694.4444580078125, 0.0, 250.0], [0.0, 694.4444580078125, 250.0], [0.0, 0.0, 1.0]], "RT": [[0.05084380863386803, -4.835307428150859e-09, -0.9987065954629105, 5.067459341203768e-08], [0.7321522669733038, -0.6801203344626435, 0.03727362703105167, 4.319008442788811e-08], [-0.6792406684897601, -0.7331004957146482, -0.03457989738807573, 1.4000000953674316], [0.0, 0.0, 0.0, 1.0]], "P": [[-134.50198364257812, 702.1912231445312, -183.27513122558594, 350.00006103515625], [338.62896728515625, -17.239486694335938, -655.5809326171875, 350.00006103515625], [-0.6792407035827637, 0.03457990661263466, -0.7331004738807678, 1.4000000953674316]]}