{"K": [[694.4444580078125, 0.0, 250.0], [0.0, 694.4444580078125, 250.0], [0.0, 0.0, 1.0]], "RT": [[-0.8323239343148436, -4.134028122375026e-08, -0.5542893131941348, -9.163042013316646e-09], [0.36639304377816057, -0.7503734148948967, -0.5501778249655634, -2.980232273790816e-08], [-0.41592397056061026, -0.6610141232989901, 0.6245538878716899, 1.399999976158142], [0.0, 0.0, 0.0, 1.0]], "P": [[-681.98388671875, 228.7847137451172, -165.25355529785156, 350.0], [150.45870971679688, 225.92958068847656, -686.3463134765625, 349.9999694824219], [-0.4159240424633026, -0.624553918838501, -0.6610140800476074, 1.399999976158142]]}