{"K": [[694.4444580078125, 0.0, 250.0], [0.0, 694.4444580078125, 250.0], [0.0, 0.0, 1.0]], "RT": [[-0.5245631427372074, -6.377920209216908e-08, 0.8513717772767635, 1.0729169723751335e-07], [-0.49641862356945543, -0.812414177000064, -0.3058628428335163, 2.98023222954174e-08], [0.6916664069988762, -0.5830808878991279, 0.42616233972332573, 1.3999998569488525], [0.0, 0.0, 0.0, 1.0]], "P": [[-191.36322021484375, -697.7708129882812, -145.77032470703125, 350.0000305175781], [-171.81842041015625, 105.86405181884766, -709.9466552734375, 350.0], [0.6916662454605103, -0.42616233229637146, -0.5830809473991394, 1.3999998569488525]]}