{"K": [[694.4444580078125, 0.0, 250.0], [0.0, 694.4444580078125, 250.0], [0.0, 0.0, 1.0]], "RT": [[0.4226660036669321, -5.769253339943003e-08, 0.9062854438229426, -3.6821312208786385e-08], [-0.5334530710909886, -0.8084135416455539, 0.24878747889217503, 3.725290301420568e-08], [0.7326534689047992, -0.5886148815657777, -0.34168891471576784, 1.4000000953674316], [0.0, 0.0, 0.0, 1.0]], "P": [[476.6814880371094, -543.9427490234375, -147.15371704101562, 350.0], [-187.29025268554688, -87.34684753417969, -708.5521240234375, 350.00006103515625], [0.7326535582542419, 0.34168902039527893, -0.5886148810386658, 1.4000000953674316]]}