{"K": [[694.4444580078125, 0.0, 250.0], [0.0, 694.4444580078125, 250.0], [0.0, 0.0, 1.0]], "RT": [[0.33450801003891867, 7.987254419946893e-08, -0.9423929312972443, 1.2354405520098017e-08], [0.1506207193949191, -0.9871448948482064, 0.053463645223258756, 3.1664967510125816e-08], [-0.9302783208589529, -0.15982792136799923, -0.33020787765078524, 1.399999976158142], [0.0, 0.0, 0.0, 1.0]], "P": [[-0.272369384765625, 736.991455078125, -39.95692443847656, 350.0], [-127.97186279296875, 45.4244384765625, -725.4742431640625, 350.0000305175781], [-0.9302783608436584, 0.330207884311676, -0.15982791781425476, 1.399999976158142]]}