{"K": [[694.4444580078125, 0.0, 250.0], [0.0, 694.4444580078125, 250.0], [0.0, 0.0, 1.0]], "RT": [[-0.33635324213073925, -8.614667259765759e-08, 0.941735775689409, -1.9122585117061857e-07], [-0.7034002180974362, -0.6649150722283567, -0.2512286057920313, -6.70552252227665e-08], [0.6261744008338815, -0.7469189045816679, 0.22364636948656014, 1.4000000953674319], [0.0, 0.0, 0.0, 1.0]], "P": [[-77.03507995605469, -709.8948974609375, -186.72975158691406, 349.9999084472656], [-331.92889404296875, 118.55279541015625, -648.4764404296875, 349.9999694824219], [0.6261745095252991, -0.223646342754364, -0.7469189167022705, 1.4000000953674316]]}