{"K": [[694.4444580078125, 0.0, 250.0], [0.0, 694.4444580078125, 250.0], [0.0, 0.0, 1.0]], "RT": [[0.5614790043642615, 2.2563787530550165e-08, -0.8274909435270623, 6.081138798495625e-08], [0.021773639742261906, -0.9996536962125725, 0.014774146124140916, 8.568167686308367e-08], [-0.8272044359820194, -0.02631289379478303, -0.5612844980672006, 1.4000002145767212], [0.0, 0.0, 0.0, 1.0]], "P": [[183.1148223876953, 714.9677124023438, -6.578239917755127, 350.0000915527344], [-191.68051147460938, 130.0613555908203, -700.7822875976562, 350.0001220703125], [-0.8272045254707336, 0.5612846612930298, -0.026312867179512978, 1.4000002145767212]]}