{"K": [[694.4444580078125, 0.0, 250.0], [0.0, 694.4444580078125, 250.0], [0.0, 0.0, 1.0]], "RT": [[-0.3403500008529885, 2.8619398843330114e-08, -0.9402988610623209, -1.1523610514429366e-07], [0.7245531445432339, -0.6373720687613906, -0.26225884435227736, 5.960464482278326e-08], [-0.5993202180061464, -0.7705562166316364, 0.21692953427371056, 1.399999976158142], [0.0, 0.0, 0.0, 1.0]], "P": [[-386.1842041015625, 598.7529296875, -192.63902282714844, 349.9999084472656], [353.331787109375, 127.89179229736328, -635.258544921875, 350.0000305175781], [-0.5993201732635498, -0.21692954003810883, -0.7705562114715576, 1.399999976158142]]}