{"K": [[694.4444580078125, 0.0, 250.0], [0.0, 694.4444580078125, 250.0], [0.0, 0.0, 1.0]], "RT": [[0.022887450376256564, 1.0348524131238269e-09, 0.9997379990766401, -1.2653160297242794e-07], [-0.4700824256952605, -0.882556882033848, 0.010761823479628584, 1.2342934505475898e-07], [0.8823257138806734, -0.47020562550740114, -0.020199453956111203, 1.399999976158142], [0.0, 0.0, 0.0, 1.0]], "P": [[236.47547912597656, -689.2127075195312, -117.55138397216797, 349.9999084472656], [-105.86474609375, -2.4236092567443848, -730.4381713867188, 350.0000915527344], [0.8823257088661194, 0.020199477672576904, -0.4702056050300598, 1.399999976158142]]}