{"K": [[694.4444580078125, 0.0, 250.0], [0.0, 694.4444580078125, 250.0], [0.0, 0.0, 1.0]], "RT": [[0.017679056959974092, 3.399277581833773e-08, -0.9998437099782052, 2.6099435497533204e-08], [0.7326647291981078, -0.6804664160686251, 0.012954826736925046, 1.460139171840996e-07], [-0.6803600543079167, -0.7327792752909978, -0.01203001844153978, 1.399999976158142], [0.0, 0.0, 0.0, 1.0]], "P": [[-157.8129119873047, 697.3434448242188, -183.19479370117188, 350.0000305175781], [338.7049560546875, -5.988898277282715, -655.740966796875, 350.0000915527344], [-0.6803600788116455, 0.01203002966940403, -0.7327792644500732, 1.399999976158142]]}