{"K": [[694.4444580078125, 0.0, 250.0], [0.0, 694.4444580078125, 250.0], [0.0, 0.0, 1.0]], "RT": [[0.8089222652701485, -3.1923776120755105e-08, 0.5879155927846236, -4.7096641384426535e-08], [-0.14109289515734577, -0.9707757805130565, 0.19413186510691022, 1.4156103125241107e-07], [0.5707342285045626, -0.2399882917668367, -0.7852821884786837, 1.3999999761581423], [0.0, 0.0, 0.0, 1.0]], "P": [[704.4351196289062, -211.95419311523438, -59.997100830078125, 349.9999694824219], [44.70237731933594, 61.506744384765625, -734.1469116210938, 350.0000915527344], [0.5707342028617859, 0.7852821350097656, -0.2399882972240448, 1.399999976158142]]}