{"K": [[694.4444580078125, 0.0, 250.0], [0.0, 694.4444580078125, 250.0], [0.0, 0.0, 1.0]], "RT": [[-0.6077374698766711, -2.9773282064607208e-08, 0.7941379825892554, 1.3007026226080102e-07], [-0.1580091075963313, -0.9800057440208751, -0.12092116684870004, 1.4901161273506903e-08], [0.7782598045537245, -0.1989693542683035, 0.5955862046153204, 1.3999999761581419], [0.0, 0.0, 0.0, 1.0]], "P": [[-227.4749755859375, -700.3812866210938, -49.74236297607422, 350.0000915527344], [84.8364028930664, -64.92352294921875, -730.3018188476562, 350.0], [0.7782597541809082, -0.5955861806869507, -0.19896934926509857, 1.399999976158142]]}