{"K": [[694.4444580078125, 0.0, 250.0], [0.0, 694.4444580078125, 250.0], [0.0, 0.0, 1.0]], "RT": [[-0.9312672171413782, 6.842906754708437e-08, -0.3643369134613847, 1.665369637949465e-07], [0.2617932168590333, -0.6954781930616353, -0.6691594537210889, -4.470348359730602e-08], [-0.2533884144032221, -0.7185471734536673, 0.6476759922977904, 1.4000000953674316], [0.0, 0.0, 0.0, 1.0]], "P": [[-710.0604248046875, 91.09274291992188, -179.6367645263672, 350.0001525878906], [118.45375061035156, 302.77508544921875, -662.6077880859375, 350.0], [-0.2533884346485138, -0.6476760506629944, -0.7185472249984741, 1.4000000953674316]]}