{"K": [[694.4444580078125, 0.0, 250.0], [0.0, 694.4444580078125, 250.0], [0.0, 0.0, 1.0]], "RT": [[-0.9412341053212329, 2.641092148738212e-08, -0.3377541338367602, 4.4898558830795607e-07], [0.15224827717130762, -0.8926417252586709, -0.42427690934887874, -1.862645148187613e-07], [-0.30149347986545044, -0.4507667507853653, 0.8401850404741777, 1.4000000953674316], [0.0, 0.0, 0.0, 1.0]], "P": [[-729.008544921875, 24.505279541015625, -112.691650390625, 350.0003356933594], [30.354644775390625, 84.59068298339844, -732.5818481445312, 349.9999084472656], [-0.3014935851097107, -0.8401852250099182, -0.45076659321784973, 1.4000000953674316]]}