{"K": [[694.4444580078125, 0.0, 250.0], [0.0, 694.4444580078125, 250.0], [0.0, 0.0, 1.0]], "RT": [[-0.7285590714221984, 1.0353910392403027e-07, -0.684982867022332, 1.731002044488654e-07], [0.03680944331248327, -0.9985550294950362, -0.03915124317829601, 3.352761268991204e-08], [-0.6839931135710459, -0.05373790260950037, 0.7275063778438821, 1.4000000953674316], [0.0, 0.0, 0.0, 1.0]], "P": [[-676.9421997070312, 293.8059997558594, -13.434408187866211, 350.0001525878906], [-145.43617248535156, -154.68820190429688, -706.8755493164062, 350.00006103515625], [-0.6839932203292847, -0.7275064587593079, -0.05373784154653549, 1.4000000953674316]]}