{"K": [[694.4444580078125, 0.0, 250.0], [0.0, 694.4444580078125, 250.0], [0.0, 0.0, 1.0]], "RT": [[-0.5289255512443964, 9.176656423209109e-08, -0.8486679416348292, 2.0958727036392094e-07], [0.649916869345376, -0.64306893117071, -0.4050555745566438, -1.7881393447268666e-07], [-0.5457521210919631, -0.7658082398661834, 0.3401356735139179, 1.4000000953674319], [0.0, 0.0, 0.0, 1.0]], "P": [[-503.7476806640625, 504.319091796875, -191.45204162597656, 350.00018310546875], [314.893310546875, 196.2548370361328, -638.02783203125, 349.9999084472656], [-0.5457522869110107, -0.34013569355010986, -0.7658082246780396, 1.4000000953674316]]}