{"K": [[694.4444580078125, 0.0, 250.0], [0.0, 694.4444580078125, 250.0], [0.0, 0.0, 1.0]], "RT": [[0.9882007449297956, -1.3873730338399513e-08, 0.15316411781901723, -1.006678030446609e-10], [-0.08322550526152436, -0.8394902514037555, 0.5369632419502356, 1.7788261182004274e-07], [0.12857979363694688, -0.543374622066188, -0.829584902984958, 1.4000000953674314], [0.0, 0.0, 0.0, 1.0]], "P": [[718.3955078125, 101.03227233886719, -135.8436737060547, 350.0000305175781], [-25.650554656982422, -165.4949188232422, -718.8231201171875, 350.0001525878906], [0.12857979536056519, 0.8295850157737732, -0.5433747172355652, 1.4000000953674316]]}