{"K": [[694.4444580078125, 0.0, 250.0], [0.0, 694.4444580078125, 250.0], [0.0, 0.0, 1.0]], "RT": [[0.9694903210537625, -7.650268913986165e-09, 0.2451295338282167, 2.9485674335282175e-08], [-0.037131558288577164, -0.9884606950093467, 0.1468557759634491, -7.543712854821818e-08], [0.24230091749897747, -0.1514772849771228, -0.9583031093465596, 1.4000000953674316], [0.0, 0.0, 0.0, 1.0]], "P": [[733.8324584960938, 69.34693908691406, -37.869327545166016, 350.00006103515625], [34.78942108154297, 137.59262084960938, -724.3004150390625, 349.9999694824219], [0.24230092763900757, 0.9583031535148621, -0.15147730708122253, 1.4000000953674316]]}