{"K": [[694.4444580078125, 0.0, 250.0], [0.0, 694.4444580078125, 250.0], [0.0, 0.0, 1.0]], "RT": [[0.9801558563474562, 1.8488684957905504e-09, 0.19822832126752085, 2.6984155366743817e-08], [-0.1250342813616833, -0.7759788323999837, 0.6182420523131245, -1.8626451502081703e-08], [0.15382098661096913, -0.6307589187658302, -0.760580204278142, 1.399999976158142], [0.0, 0.0, 0.0, 1.0]], "P": [[719.1190795898438, 52.48649597167969, -157.68972778320312, 350.0000305175781], [-48.374122619628906, -239.18971252441406, -696.56396484375, 350.0], [0.15382099151611328, 0.7605802416801453, -0.6307589411735535, 1.399999976158142]]}