{"K": [[694.4444580078125, 0.0, 250.0], [0.0, 694.4444580078125, 250.0], [0.0, 0.0, 1.0]], "RT": [[-0.5744468656758573, -2.1126594552063793e-07, 0.8185417848305624, -1.4404967867866505e-07], [-0.30103511253461324, -0.9299167348345591, -0.21126454717934656, -7.450580599955318e-08], [0.7611757762155084, -0.3677701365884153, 0.5341877598534599, 1.3999999761581419], [0.0, 0.0, 0.0, 1.0]], "P": [[-208.6275634765625, -701.9788208007812, -91.94265747070312, 349.9999084472656], [-18.75823974609375, 13.164581298828125, -737.718017578125, 349.99993896484375], [0.761175811290741, -0.5341877341270447, -0.36777010560035706, 1.399999976158142]]}