{"K": [[694.4444580078125, 0.0, 250.0], [0.0, 694.4444580078125, 250.0], [0.0, 0.0, 1.0]], "RT": [[-0.8664293389697707, -1.5601068956442077e-07, 0.49929920331908423, -2.633975101346152e-07], [-0.14869187202374545, -0.9546276922933463, -0.2580238375413297, -2.4586915964778135e-07], [0.47664495575048504, -0.2978015190569997, 0.8271176891027694, 1.4000000953674314], [0.0, 0.0, 0.0, 1.0]], "P": [[-482.5260925292969, -553.5151977539062, -74.45039367675781, 349.9998474121094], [15.902938842773438, -27.595993041992188, -737.3864135742188, 349.9998474121094], [0.4766451418399811, -0.8271178603172302, -0.29780131578445435, 1.4000000953674316]]}