{"K": [[694.4444580078125, 0.0, 250.0], [0.0, 694.4444580078125, 250.0], [0.0, 0.0, 1.0]], "RT": [[-0.9026292085766379, 1.877059315618745e-07, 0.43041863177520334, -3.104690904479212e-07], [-0.3814670080851113, -0.4631698249112042, -0.7999727507863729, -1.3411045067023882e-07], [0.19935680119545587, -0.8862695474085838, 0.4180707831697121, 1.399999976158142], [0.0, 0.0, 0.0, 1.0]], "P": [[-576.98681640625, -403.41961669921875, -221.56724548339844, 349.9997863769531], [-215.06851196289062, 451.01910400390625, -543.213134765625, 349.9999084472656], [0.1993568241596222, -0.41807079315185547, -0.8862695097923279, 1.399999976158142]]}