{"K": [[694.4444580078125, 0.0, 250.0], [0.0, 694.4444580078125, 250.0], [0.0, 0.0, 1.0]], "RT": [[0.9978705164495257, 6.099015764204943e-09, -0.06522563990097788, 3.35020632785583e-11], [0.0030910880836377904, -0.998876347257376, 0.04728977801064082, 1.8964055926332048e-07], [-0.06515235235086388, -0.047390693410421875, -0.9967492647336, 1.4000000953674319], [0.0, 0.0, 0.0, 1.0]], "P": [[676.6776123046875, 294.4829406738281, -11.847675323486328, 350.0000305175781], [-14.141495704650879, 216.34722900390625, -705.5119018554688, 350.0001525878906], [-0.0651523619890213, 0.9967494606971741, -0.04739070311188698, 1.4000000953674316]]}