{"K": [[694.4444580078125, 0.0, 250.0], [0.0, 694.4444580078125, 250.0], [0.0, 0.0, 1.0]], "RT": [[0.29500585234639104, 4.6012405333375395e-08, 0.9554954728967452, 9.219565567107616e-09], [-0.6529791219575718, -0.7300504604390191, 0.20160505334539594, -1.0430812829008127e-07], [0.6975598907809573, -0.6833932638710224, -0.215369131417537, 1.399999976158142], [0.0, 0.0, 0.0, 1.0]], "P": [[379.2551574707031, -609.6962280273438, -170.84828186035156, 350.0], [-279.0677490234375, -86.16120910644531, -677.8278198242188, 349.99993896484375], [0.6975598931312561, 0.2153691202402115, -0.6833932399749756, 1.399999976158142]]}