{"K": [[694.4444580078125, 0.0, 250.0], [0.0, 694.4444580078125, 250.0], [0.0, 0.0, 1.0]], "RT": [[0.8747784580739978, 3.740693023512285e-09, 0.4845231285349503, -7.094552495126934e-08], [-0.4175948525415288, -0.5071330271999185, 0.7539433500298736, -7.450580603586632e-08], [0.24571769589794662, -0.8618677774612057, -0.4436290636259031, 1.3999999761581419], [0.0, 0.0, 0.0, 1.0]], "P": [[668.9144897460938, -225.567138671875, -215.46694946289062, 349.99993896484375], [-228.56704711914062, -412.6645202636719, -567.6427001953125, 349.99993896484375], [0.24571768939495087, 0.44362905621528625, -0.8618677854537964, 1.399999976158142]]}