{"K": [[694.4444580078125, 0.0, 250.0], [0.0, 694.4444580078125, 250.0], [0.0, 0.0, 1.0]], "RT": [[0.717326557508839, -1.667975475588541e-08, -0.6967370982584514, -5.1089774256066706e-08], [0.46367351656611905, -0.7464042743898528, 0.4773756705572176, -5.960464484471379e-08], [-0.5200475836622925, -0.6654927976731697, -0.5354156447662389, 1.3999999761581419], [0.0, 0.0, 0.0, 1.0]], "P": [[368.131591796875, 617.6990966796875, -166.37319946289062, 349.9999694824219], [191.9835968017578, -197.65696716308594, -684.70947265625, 349.9999694824219], [-0.5200475454330444, 0.5354155898094177, -0.6654927730560303, 1.399999976158142]]}