{"K": [[694.4444580078125, 0.0, 250.0], [0.0, 694.4444580078125, 250.0], [0.0, 0.0, 1.0]], "RT": [[0.48790098989545283, 4.223921740321748e-08, 0.872898951276712, 7.913754962313503e-09], [-0.8318217209298739, -0.3031539630164545, 0.4649411500418975, -2.2351741763746448e-08], [0.26462279547848533, -0.9529415846411385, -0.1479090831797164, 1.4000000953674316], [0.0, 0.0, 0.0, 1.0]], "P": [[404.9758605957031, -569.2025756835938, -238.23536682128906, 350.0000305175781], [-511.498291015625, -285.8985595703125, -448.75897216796875, 350.0], [0.2646228075027466, 0.14790908992290497, -0.9529415965080261, 1.4000000953674316]]}