{"K": [[694.4444580078125, 0.0, 250.0], [0.0, 694.4444580078125, 250.0], [0.0, 0.0, 1.0]], "RT": [[0.4080178895464582, 5.073882811817414e-08, 0.9129739321031544, 1.904858142271777e-08], [-0.6919681025292467, -0.652338717073724, 0.30924801503563054, -2.2351741855433682e-08], [0.5955683042575596, -0.7579275763719561, -0.26616584928663733, 1.399999976158142], [0.0, 0.0, 0.0, 1.0]], "P": [[432.2378234863281, -567.46826171875, -189.4818572998047, 350.0], [-331.6413269042969, -148.21412658691406, -642.4949340820312, 349.9999694824219], [0.5955682396888733, 0.2661658227443695, -0.7579275369644165, 1.399999976158142]]}