{"K": [[694.4444580078125, 0.0, 250.0], [0.0, 694.4444580078125, 250.0], [0.0, 0.0, 1.0]], "RT": [[-0.727087151352627, -1.4003819525974273e-07, 0.6865450346333234, -1.9804912205629174e-07], [-0.17615580001156814, -0.9665220883772223, -0.1865583931655277, -8.940696715463795e-08], [0.6635610064509587, -0.2565832069660454, 0.7027458802985099, 1.4000000953674316], [0.0, 0.0, 0.0, 1.0]], "P": [[-339.031494140625, -652.4539184570312, -64.14586639404297, 349.9998779296875], [43.55980682373047, -46.13197326660156, -735.341796875, 349.9999694824219], [0.6635611057281494, -0.7027459144592285, -0.25658315420150757, 1.4000000953674316]]}