{"K": [[694.4444580078125, 0.0, 250.0], [0.0, 694.4444580078125, 250.0], [0.0, 0.0, 1.0]], "RT": [[-0.7991125360972055, -9.903908013496989e-08, 0.6011811176748487, -3.2557149913070815e-08], [-0.414652874281764, -0.7240661498281262, -0.5511722286713711, 2.980232222800395e-08], [0.4352950429141591, -0.6897304882675751, 0.5786104352332455, 1.4000000953674314], [0.0, 0.0, 0.0, 1.0]], "P": [[-446.11572265625, -562.1397094726562, -172.43264770507812, 350.0], [-179.12973022460938, 238.10609436035156, -675.2564697265625, 350.00006103515625], [0.43529513478279114, -0.5786105394363403, -0.6897304058074951, 1.4000000953674316]]}