{"K": [[694.4444580078125, 0.0, 250.0], [0.0, 694.4444580078125, 250.0], [0.0, 0.0, 1.0]], "RT": [[-0.6833611923558413, -2.289458137984706e-08, 0.7300802336242161, -1.7892283204743521e-07], [-0.5321602058449483, -0.6846132216558144, -0.4981063546116415, -5.960464461513646e-08], [0.4998226567135066, -0.7289064995230742, 0.46783819621350337, 1.4000000953674316], [0.0, 0.0, 0.0, 1.0]], "P": [[-349.6008605957031, -623.9598999023438, -182.22659301757812, 349.9999084472656], [-244.60015869140625, 228.94781494140625, -657.6525268554688, 350.0], [0.4998227655887604, -0.46783825755119324, -0.7289064526557922, 1.4000000953674316]]}