{"K": [[694.4444580078125, 0.0, 250.0], [0.0, 694.4444580078125, 250.0], [0.0, 0.0, 1.0]], "RT": [[-0.5826658106966475, -2.1345937705095596e-07, 0.812711472897453, -3.368607507883885e-07], [-0.1927847598170963, -0.9714577392265228, -0.13821532568012612, -1.5646219247967955e-07], [0.7895149871030107, -0.23721209950896063, 0.566035451360722, 1.4000003337860107], [0.0, 0.0, 0.0, 1.0]], "P": [[-207.25050354003906, -705.8922119140625, -59.303016662597656, 349.9998474121094], [63.50038146972656, -45.52580261230469, -733.9266357421875, 349.9999694824219], [0.7895154356956482, -0.5660355687141418, -0.2372118979692459, 1.4000003337860107]]}