{"K": [[694.4444580078125, 0.0, 250.0], [0.0, 694.4444580078125, 250.0], [0.0, 0.0, 1.0]], "RT": [[0.8652866643140319, -2.0944206285658058e-08, 0.5012773111029265, 8.124197379552139e-09], [-0.1961677744330013, -0.9202479249556117, 0.3386176568540763, -4.470348353887903e-08], [0.4612994179351801, -0.3913357974579858, -0.796278304576483, 1.399999976158142], [0.0, 0.0, 0.0, 1.0]], "P": [[716.2183837890625, -149.0396728515625, -97.8339614868164, 350.0], [-20.90277862548828, -36.081573486328125, -736.89501953125, 349.9999694824219], [0.46129941940307617, 0.7962782979011536, -0.3913358151912689, 1.399999976158142]]}