{"K": [[694.4444580078125, 0.0, 250.0], [0.0, 694.4444580078125, 250.0], [0.0, 0.0, 1.0]], "RT": [[0.9981541664605418, 4.338354105324354e-09, -0.06073106772643921, 2.4810184977664446e-11], [0.0005352663572425791, -0.9999610593463845, 0.008797478842184129, 8.296774467722525e-08], [-0.06072871172731072, -0.008813748093607373, -0.9981153095947739, 1.4000000953674314], [0.0, 0.0, 0.0, 1.0]], "P": [[677.9804077148438, 291.7032165527344, -2.2034387588500977, 350.0000305175781], [-14.810461044311523, 243.4195098876953, -696.6209716796875, 350.0000915527344], [-0.06072871387004852, 0.9981154799461365, -0.008813749067485332, 1.4000000953674316]]}