{"K": [[694.4444580078125, 0.0, 250.0], [0.0, 694.4444580078125, 250.0], [0.0, 0.0, 1.0]], "RT": [[-0.5838446707071095, -3.0710439966607436e-08, -0.8118654264449132, -1.1539678715945623e-07], [0.14163979617991165, -0.9846639274693895, -0.101858776292929, -5.960464483756112e-08], [-0.7994145743396953, -0.17446210445195753, 0.5748907305597489, 1.3999999761581423], [0.0, 0.0, 0.0, 1.0]], "P": [[-605.30126953125, 420.0727233886719, -43.61554718017578, 349.9999084472656], [-101.49268341064453, -72.9874496459961, -727.409912109375, 349.9999694824219], [-0.7994145154953003, -0.5748907327651978, -0.17446213960647583, 1.399999976158142]]}