{"K": [[694.4444580078125, 0.0, 250.0], [0.0, 694.4444580078125, 250.0], [0.0, 0.0, 1.0]], "RT": [[0.7267767027550048, 8.46366292409918e-08, -0.6868737399970893, 1.1502090302998081e-07], [0.09775122260017943, -0.989821618579421, 0.10342989722069071, 1.7136335374448273e-07], [-0.6798825472298786, -0.14231321727640767, -0.7193792684485757, 1.4000002145767212], [0.0, 0.0, 0.0, 1.0]], "P": [[334.73541259765625, 656.840576171875, -35.57828903198242, 350.0001525878906], [-102.08779907226562, 108.0185317993164, -722.9545288085938, 350.00018310546875], [-0.6798825860023499, 0.7193794250488281, -0.14231321215629578, 1.4000002145767212]]}