{"K": [[694.4444580078125, 0.0, 250.0], [0.0, 694.4444580078125, 250.0], [0.0, 0.0, 1.0]], "RT": [[0.9851128702252129, 1.4625469075926174e-09, -0.17190869119223484, 4.982569973770526e-10], [0.14990950185971924, -0.48945272478747354, 0.8590478109556253, 2.0489096631747983e-08], [-0.08414117822213772, -0.8720298118260784, -0.4821661979936898, 1.4000000953674316], [0.0, 0.0, 0.0, 1.0]], "P": [[663.0709228515625, 239.92257690429688, -218.00746154785156, 350.0000305175781], [83.06853485107422, -476.01947021484375, -557.9052124023438, 350.0000305175781], [-0.08414117991924286, 0.48216620087623596, -0.8720298409461975, 1.4000000953674316]]}