{"K": [[694.4444580078125, 0.0, 250.0], [0.0, 694.4444580078125, 250.0], [0.0, 0.0, 1.0]], "RT": [[0.9878682967713028, 1.3390541330475704e-08, -0.15529416270289417, 1.060565056629571e-08], [0.10013647882356429, -0.7643361231971899, 0.6369953042569524, -3.7252901508578497e-09], [-0.11869692516418379, -0.6448180074782148, -0.755063385550232, 1.399999976158142], [0.0, 0.0, 0.0, 1.0]], "P": [[656.3453979492188, 296.6090087890625, -161.2045135498047, 350.0], [39.864990234375, -253.5919647216797, -691.9935302734375, 350.0], [-0.11869692802429199, 0.7550634145736694, -0.6448180675506592, 1.399999976158142]]}