{"K": [[694.4444580078125, 0.0, 250.0], [0.0, 694.4444580078125, 250.0], [0.0, 0.0, 1.0]], "RT": [[-0.4408329722957838, 1.3558145128094717e-07, -0.8975889707503798, 3.5619356724342884e-07], [0.03750756532530311, -0.9991264010740721, -0.01842112844856568, -1.3969838620530827e-07], [-0.8968049317132749, -0.04178720054023579, 0.4404480584123719, 1.4000002145767214], [0.0, 0.0, 0.0, 1.0]], "P": [[-530.3355102539062, 513.2138671875, -10.446742057800293, 350.00030517578125], [-198.154296875, -97.31944274902344, -704.2847290039062, 349.9999694824219], [-0.8968052268028259, -0.4404480457305908, -0.0417870357632637, 1.4000002145767212]]}