{"K": [[694.4444580078125, 0.0, 250.0], [0.0, 694.4444580078125, 250.0], [0.0, 0.0, 1.0]], "RT": [[0.9729705074270303, 7.010915483757148e-08, -0.23092931242934206, 7.643910039813362e-08], [0.1194825958698346, -0.8557442091031329, 0.50341385236457, 3.129243851750398e-07], [-0.19761643312753482, -0.5173988741691499, -0.8326138804533565, 1.4000002145767212], [0.0, 0.0, 0.0, 1.0]], "P": [[626.2698974609375, 368.5211181640625, -129.3497314453125, 350.0001220703125], [33.5699577331543, -141.43951416015625, -723.61669921875, 350.0002746582031], [-0.19761644303798676, 0.8326141238212585, -0.51739901304245, 1.4000002145767212]]}