{"K": [[694.4444580078125, 0.0, 250.0], [0.0, 694.4444580078125, 250.0], [0.0, 0.0, 1.0]], "RT": [[-0.7618347788847155, -6.541744970442523e-08, 0.6477710992868746, -1.7033431722227373e-07], [-0.23438851788771325, -0.9322406907069963, -0.27566120244868053, -1.3411045077095077e-07], [0.6038786658107141, -0.361838623622264, 0.7102135544501226, 1.3999999761581423], [0.0, 0.0, 0.0, 1.0]], "P": [[-378.0824890136719, -627.3945922851562, -90.45964813232422, 349.9998779296875], [-11.800186157226562, 13.87811279296875, -737.84912109375, 349.9999084472656], [0.6038787961006165, -0.7102136015892029, -0.36183851957321167, 1.399999976158142]]}