{"K": [[694.4444580078125, 0.0, 250.0], [0.0, 694.4444580078125, 250.0], [0.0, 0.0, 1.0]], "RT": [[0.6747560190065712, -1.2875702158598287e-08, 0.7380408322243616, 1.3539920541484234e-10], [-0.008040501173088277, -0.9999406752323802, 0.007351040026107665, 3.5390257836782764e-08], [0.7379970426765959, -0.010894379208239068, -0.6747159860384401, 1.399999976158142], [0.0, 0.0, 0.0, 1.0]], "P": [[653.079833984375, -343.849365234375, -2.723600387573242, 350.0], [178.91558837890625, 163.57411193847656, -697.1268310546875, 350.0000305175781], [0.7379970550537109, 0.6747159957885742, -0.010894376784563065, 1.399999976158142]]}