{"K": [[694.4444580078125, 0.0, 250.0], [0.0, 694.4444580078125, 250.0], [0.0, 0.0, 1.0]], "RT": [[0.7040185653756282, 4.010377642835503e-08, 0.7101815740838252, -1.1119514202397317e-07], [-0.5008222443157793, -0.7090054125069176, 0.4964760570112875, -5.960464480613898e-08], [0.5035225895406611, -0.7052030769703002, -0.49915292429551567, 1.399999976158142], [0.0, 0.0, 0.0, 1.0]], "P": [[614.7824096679688, -368.3934326171875, -176.30075073242188, 349.9999084472656], [-221.91253662109375, -219.98681640625, -668.6655883789062, 349.9999694824219], [0.5035225749015808, 0.49915292859077454, -0.7052030563354492, 1.399999976158142]]}