{"K": [[694.4444580078125, 0.0, 250.0], [0.0, 694.4444580078125, 250.0], [0.0, 0.0, 1.0]], "RT": [[0.32907908589839385, 8.613336097836978e-08, -0.94430235693345, -2.623042404033936e-08], [0.33010116761323943, -0.9369096732694833, 0.11503659695764057, 4.097819327241076e-08], [-0.8847260419889272, -0.3495714548746096, -0.30831737870904163, 1.4000000953674316], [0.0, 0.0, 0.0, 1.0]], "P": [[7.345611572265625, 732.8449096679688, -87.39282989501953, 350.0], [8.055419921875, -2.8071670532226562, -738.024658203125, 350.00006103515625], [-0.8847260475158691, 0.3083174228668213, -0.34957146644592285, 1.4000000953674316]]}