{"K": [[694.4444580078125, 0.0, 250.0], [0.0, 694.4444580078125, 250.0], [0.0, 0.0, 1.0]], "RT": [[-0.9021302288438997, 1.942427639230303e-07, -0.4314642024102547, 5.256923426123995e-08], [0.2658170778830522, -0.7876822764302793, -0.5557860543334864, 2.9802322252819834e-08], [-0.3398567809830019, -0.6160817064628347, 0.7105918301839065, 1.399999976158142], [0.0, 0.0, 0.0, 1.0]], "P": [[-711.4432983398438, 121.97990417480469, -154.02029418945312, 350.0000305175781], [99.6309585571289, 208.31446838378906, -701.02197265625, 350.0000305175781], [-0.33985671401023865, -0.710591733455658, -0.6160817742347717, 1.399999976158142]]}