{"K": [[694.4444580078125, 0.0, 250.0], [0.0, 694.4444580078125, 250.0], [0.0, 0.0, 1.0]], "RT": [[-0.9547713201810167, 3.442671101943677e-07, -0.2973402302262195, -1.7557923142253628e-08], [0.16063620878220364, -0.8415078660763267, -0.5158101471652201, -1.4156103136144814e-07], [-0.2502143382649086, -0.5402447362812272, 0.8034477194474726, 1.4000002145767212], [0.0, 0.0, 0.0, 1.0]], "P": [[-725.589599609375, 5.6243896484375, -135.06094360351562, 350.00006103515625], [48.9993782043457, 157.3397979736328, -719.4417724609375, 349.9999694824219], [-0.25021445751190186, -0.803447961807251, -0.5402446389198303, 1.4000002145767212]]}