{"K": [[694.4444580078125, 0.0, 250.0], [0.0, 694.4444580078125, 250.0], [0.0, 0.0, 1.0]], "RT": [[-0.39036196898184616, -2.296661716283745e-07, 0.920661287395157, -8.133770985208211e-08], [-0.18170655334958444, -0.9803298870895827, -0.07704404792996174, -1.1175870894866622e-07], [0.9025519328233754, -0.19736543703770718, 0.38268359631933624, 1.4000000953674316], [0.0, 0.0, 0.0, 1.0]], "P": [[-45.446807861328125, -735.0192260742188, -49.341426849365234, 349.9999694824219], [99.45281982421875, -42.16798400878906, -730.1260986328125, 349.99993896484375], [0.9025521278381348, -0.3826836049556732, -0.19736532866954803, 1.4000000953674316]]}