{"K": [[694.4444580078125, 0.0, 250.0], [0.0, 694.4444580078125, 250.0], [0.0, 0.0, 1.0]], "RT": [[-0.9987800597180255, 1.5780125920751438e-06, -0.04937512525124469, -1.295154788749778e-06], [0.04280027684038009, -0.4985606270119533, -0.8657973294862307, -2.1187588404374487e-08], [-0.02461786251099784, -0.866854821474553, 0.4979524533956162, 1.4000000953674319], [0.0, 0.0, 0.0, 1.0]], "P": [[-699.7520751953125, -90.19984436035156, -216.7126007080078, 349.9991455078125], [23.567962646484375, 476.76031494140625, -562.9364624023438, 350.0000305175781], [-0.024617871269583702, -0.49795258045196533, -0.8668547868728638, 1.4000000953674316]]}