{"K": [[694.4444580078125, 0.0, 250.0], [0.0, 694.4444580078125, 250.0], [0.0, 0.0, 1.0]], "RT": [[-0.6609202445381493, -8.650524692415991e-08, 0.7504560738697851, 8.139940629690439e-08], [-0.5300127482211484, -0.7079582463779326, -0.46677777567847933, -1.192092897052557e-07], [0.5312916302272258, -0.7062543003302383, 0.4679039209930802, 1.399999976158142], [0.0, 0.0, 0.0, 1.0]], "P": [[-326.1495361328125, -638.1260986328125, -176.56362915039062, 350.00006103515625], [-235.24156188964844, 207.17532348632812, -668.2012939453125, 349.9999084472656], [0.531291663646698, -0.4679039418697357, -0.706254243850708, 1.399999976158142]]}