{"K": [[694.4444580078125, 0.0, 250.0], [0.0, 694.4444580078125, 250.0], [0.0, 0.0, 1.0]], "RT": [[0.7361531144390547, -4.1074852329266616e-08, -0.6768150254625421, 1.0219046152307868e-08], [0.35604715697501105, -0.8504457692768608, 0.38726273289249186, -2.9802322492322404e-08], [-0.5755944780015145, -0.5260627639152977, -0.6260582969040838, 1.399999976158142], [0.0, 0.0, 0.0, 1.0]], "P": [[367.31884765625, 626.5250244140625, -131.5157012939453, 350.0], [103.35635375976562, -112.41789245605469, -722.10302734375, 349.9999694824219], [-0.5755944848060608, 0.6260582804679871, -0.5260627269744873, 1.399999976158142]]}