{"K": [[694.4444580078125, 0.0, 250.0], [0.0, 694.4444580078125, 250.0], [0.0, 0.0, 1.0]], "RT": [[-0.8206003026832807, -4.955618755195692e-08, -0.5715022066600611, 2.820038389482092e-07], [0.16129845432733542, -0.9593449312030139, -0.2316027196421441, -4.470348361275475e-08], [-0.548267798051272, -0.28223592222730487, 0.7872389351555382, 1.4000000953674316], [0.0, 0.0, 0.0, 1.0]], "P": [[-706.9285888671875, 200.06690979003906, -70.55902862548828, 350.0002136230469], [-25.054100036621094, -35.97438049316406, -736.7708740234375, 350.0], [-0.5482679605484009, -0.7872390747070312, -0.2822358012199402, 1.4000000953674316]]}