{"K": [[694.4444580078125, 0.0, 250.0], [0.0, 694.4444580078125, 250.0], [0.0, 0.0, 1.0]], "RT": [[-0.876208205426703, -2.4393742002084136e-07, 0.4819329139239303, -4.736840271025024e-08], [-0.1692189332785531, -0.9363282540334283, -0.30765955296568687, 2.235174180224317e-07], [0.45124746958236245, -0.35112591108489816, 0.8204184052155663, 1.3999999761581419], [0.0, 0.0, 0.0, 1.0]], "P": [[-495.6659851074219, -539.7801513671875, -87.78166961669922, 349.9999694824219], [-4.7012786865234375, 8.547836303710938, -738.0094604492188, 350.0001525878906], [0.4512474238872528, -0.8204183578491211, -0.35112595558166504, 1.399999976158142]]}