{"K": [[694.4444580078125, 0.0, 250.0], [0.0, 694.4444580078125, 250.0], [0.0, 0.0, 1.0]], "RT": [[0.6847231992456697, 1.1593410461485704e-07, -0.7288031732778707, 1.281852774152076e-07], [0.4993819597856735, -0.7283471077208792, 0.4691779391413508, 1.1920928976531233e-07], [-0.5308217494101366, -0.6852082481106951, -0.49871614342988974, 1.4000000953674319], [0.0, 0.0, 0.0, 1.0]], "P": [[342.79681396484375, 630.79248046875, -171.3020782470703, 350.0001220703125], [214.0877227783203, -201.13900756835938, -677.0987548828125, 350.0001220703125], [-0.5308217406272888, 0.4987163245677948, -0.6852083206176758, 1.4000000953674316]]}