{"K": [[694.4444580078125, 0.0, 250.0], [0.0, 694.4444580078125, 250.0], [0.0, 0.0, 1.0]], "RT": [[-0.3707862720286652, 2.1618772897139992e-08, -0.9287180461278837, 6.767951521417112e-08], [0.3590083324244603, -0.9222627286522351, -0.143332331702352, 2.2351741932177014e-08], [-0.8565221719182469, -0.3865634112649352, 0.3419625088241473, 1.4000000953674314], [0.0, 0.0, 0.0, 1.0]], "P": [[-471.6212158203125, 559.4526977539062, -96.64087677001953, 350.0000915527344], [35.18089294433594, 14.045822143554688, -737.1011962890625, 350.00006103515625], [-0.8565223813056946, -0.3419624865055084, -0.38656333088874817, 1.4000000953674316]]}