{"K": [[694.4444580078125, 0.0, 250.0], [0.0, 694.4444580078125, 250.0], [0.0, 0.0, 1.0]], "RT": [[0.4867557251096333, -4.2304466143164274e-08, 0.8735381209431079, 3.0929285268448005e-09], [-0.5170819868660147, -0.8059822193341919, 0.28813005044805473, 7.450580593982433e-08], [0.7040561909978629, -0.5919398071370918, -0.39231648109470774, 1.3999998569488525], [0.0, 0.0, 0.0, 1.0]], "P": [[514.038818359375, -508.54461669921875, -147.98497009277344, 349.9999694824219], [-183.0706787109375, -102.01119995117188, -707.6947631835938, 350.0000305175781], [0.7040561437606812, 0.39231646060943604, -0.5919397473335266, 1.3999998569488525]]}