{"K": [[694.4444580078125, 0.0, 250.0], [0.0, 694.4444580078125, 250.0], [0.0, 0.0, 1.0]], "RT": [[-0.9980400216449423, 2.8171995842295134e-06, -0.06258031169105073, -2.966141892301271e-07], [0.029269700647348643, -0.8838588258644698, -0.4668373002137788, -1.3643875725856807e-07], [-0.05531347144059466, -0.4677538685927294, 0.8821262823471575, 1.4000000953674319], [0.0, 0.0, 0.0, 1.0]], "P": [[-706.91162109375, -177.07301330566406, -116.93651580810547, 349.99981689453125], [6.497809410095215, 103.66091918945312, -730.729248046875, 349.99993896484375], [-0.055313464254140854, -0.8821262121200562, -0.46775391697883606, 1.4000000953674316]]}