{"K": [[694.4444580078125, 0.0, 250.0], [0.0, 694.4444580078125, 250.0], [0.0, 0.0, 1.0]], "RT": [[-0.6334866059813705, 3.458925085916863e-08, -0.773753601532199, 5.879243759453879e-08], [0.06161012954062263, -0.9968248515349817, -0.05044138342032609, 8.195638655495459e-08], [-0.7712968161483251, -0.07962506879037094, 0.6314752369180717, 1.4000000953674316], [0.0, 0.0, 0.0, 1.0]], "P": [[-632.7455444335938, 379.4600830078125, -19.906246185302734, 350.00006103515625], [-150.03939819335938, -122.84004211425781, -712.1458129882812, 350.0000915527344], [-0.7712969183921814, -0.6314752697944641, -0.07962501049041748, 1.4000000953674316]]}