{"K": [[694.4444580078125, 0.0, 250.0], [0.0, 694.4444580078125, 250.0], [0.0, 0.0, 1.0]], "RT": [[-0.42706950607840555, -8.291964233601816e-08, 0.9042186996107479, -1.1733413887359988e-07], [-0.5799006679374462, -0.767266861984206, -0.27389163057740806, -1.0430812835107226e-07], [0.693777095264312, -0.6413279380099155, 0.3276762988977666, 1.399999976158142], [0.0, 0.0, 0.0, 1.0]], "P": [[-123.13180541992188, -709.8488159179688, -160.33201599121094, 349.9999084472656], [-229.26458740234375, 108.28351593017578, -693.15625, 349.99993896484375], [0.6937772035598755, -0.32767629623413086, -0.6413279175758362, 1.399999976158142]]}