{"K": [[694.4444580078125, 0.0, 250.0], [0.0, 694.4444580078125, 250.0], [0.0, 0.0, 1.0]], "RT": [[-0.8273483788013796, 1.3828448486978582e-07, -0.5616888966291832, 7.384399932132161e-08], [0.16607007515705036, -0.9552924472344181, -0.24461569036484693, -5.810905481969157e-17], [-0.5365772645427832, -0.2956622649645676, 0.79035978203088, 1.4000000953674316], [0.0, 0.0, 0.0, 1.0]], "P": [[-708.6920166015625, 192.47186279296875, -73.91547393798828, 350.0000915527344], [-18.817840576171875, -27.717849731445312, -737.313232421875, 350.0000305175781], [-0.5365773439407349, -0.7903598546981812, -0.29566219449043274, 1.4000000953674316]]}