{"K": [[694.4444580078125, 0.0, 250.0], [0.0, 694.4444580078125, 250.0], [0.0, 0.0, 1.0]], "RT": [[-0.7029115619646327, 1.191428656371768e-07, 0.7112772732712436, -8.896314110330808e-08], [-0.38815835499769413, -0.8379675867459727, -0.38359289148121717, -2.6497998740124006e-16], [0.5960272410668048, -0.5457200788434198, 0.5890171531833407, 1.3999999761581423], [0.0, 0.0, 0.0, 1.0]], "P": [[-339.126220703125, -641.19677734375, -136.429931640625, 349.99993896484375], [-120.54757690429688, 119.129638671875, -718.3518676757812, 350.0], [0.5960271954536438, -0.5890170931816101, -0.5457200407981873, 1.399999976158142]]}