{"K": [[694.4444580078125, 0.0, 250.0], [0.0, 694.4444580078125, 250.0], [0.0, 0.0, 1.0]], "RT": [[0.7345191987912423, -1.820819265590095e-07, 0.678587791414313, -2.338726117820657e-07], [-0.2539409638641642, -0.9273398620138475, 0.27487153316567614, 3.278255464013762e-07], [0.6292816103025464, -0.3742197635522639, -0.6811489058786384, 1.4000003337860105], [0.0, 0.0, 0.0, 1.0]], "P": [[667.4032592773438, -300.954345703125, -93.55496978759766, 349.99993896484375], [-19.027633666992188, -20.595748901367188, -737.541259765625, 350.00030517578125], [0.629281759262085, 0.6811493039131165, -0.3742198348045349, 1.4000003337860107]]}