{"K": [[694.4444580078125, 0.0, 250.0], [0.0, 694.4444580078125, 250.0], [0.0, 0.0, 1.0]], "RT": [[-0.581738650365082, -1.3802384309027683e-07, 0.8133752650853612, -2.803688518633799e-07], [-0.41735269778489564, -0.8583213389988421, -0.2984971302777592, -1.341104508594731e-07], [0.6981375700962014, -0.5131123049264146, 0.4993189710197334, 1.4000002145767214], [0.0, 0.0, 0.0, 1.0]], "P": [[-229.45106506347656, -689.6741333007812, -128.27798461914062, 349.9998779296875], [-115.29408264160156, 82.46023559570312, -724.3347778320312, 349.9999694824219], [0.6981379985809326, -0.49931907653808594, -0.5131121277809143, 1.4000002145767212]]}