{"K": [[694.4444580078125, 0.0, 250.0], [0.0, 694.4444580078125, 250.0], [0.0, 0.0, 1.0]], "RT": [[0.9439451290367155, -2.41761684949447e-08, 0.3301024376027045, -1.1654119467222255e-08], [-0.27419604549793036, -0.5568108964706582, 0.7840779003841676, -7.450580653820664e-09], [0.1838046139628126, -0.8306392590915478, -0.5255989419585827, 1.399999976158142], [0.0, 0.0, 0.0, 1.0]], "P": [[701.4686279296875, -97.83805847167969, -207.6598358154297, 350.0], [-144.46278381347656, -413.09881591796875, -594.3341064453125, 350.0], [0.18380461633205414, 0.52559894323349, -0.8306393027305603, 1.399999976158142]]}