{"K": [[694.4444580078125, 0.0, 250.0], [0.0, 694.4444580078125, 250.0], [0.0, 0.0, 1.0]], "RT": [[-0.1648127879971087, -1.1733971838867336e-07, 0.9863247621873937, 8.656584783790915e-08], [-0.8379504667851367, -0.5274782370186585, -0.1400198077365476, 9.499490268729149e-08], [0.5202648852844133, -0.8495685151888022, 0.08693510303011454, 1.4000000953674316], [0.0, 0.0, 0.0, 1.0]], "P": [[15.612876892089844, -706.681640625, -212.39219665527344, 350.0000915527344], [-451.84393310546875, 75.50223541259766, -578.6964721679688, 350.0000915527344], [0.5202649831771851, -0.08693508058786392, -0.8495685458183289, 1.4000000953674316]]}