{"K": [[694.4444580078125, 0.0, 250.0], [0.0, 694.4444580078125, 250.0], [0.0, 0.0, 1.0]], "RT": [[0.061376910196940096, -2.158450039046006e-08, 0.9981146164198637, -1.1537261455864475e-07], [-0.47667586547980256, -0.8785902663707411, 0.02931215973405509, -1.064036041699391e-07], [0.8769337978420678, -0.4775763237503712, -0.05392512789398578, 1.4000000953674319], [0.0, 0.0, 0.0, 1.0]], "P": [[261.8563232421875, -679.6539306640625, -119.39405822753906, 349.99993896484375], [-111.79148864746094, -6.874362945556641, -729.5262451171875, 349.9999694824219], [0.8769338726997375, 0.05392517149448395, -0.47757628560066223, 1.4000000953674316]]}