{"K": [[694.4444580078125, 0.0, 250.0], [0.0, 694.4444580078125, 250.0], [0.0, 0.0, 1.0]], "RT": [[-0.8695300930860852, -2.2291844373099648e-07, 0.4938801210620732, -1.6823121031319643e-07], [-0.18999386606908436, -0.923043066445743, -0.33450548815026065, -4.4703483605902604e-08], [0.45587266545735344, -0.3846966680391516, 0.8026136351490919, 1.399999976158142], [0.0, 0.0, 0.0, 1.0]], "P": [[-489.87213134765625, -543.6256713867188, -96.17434692382812, 349.9998779296875], [-17.972000122070312, 31.642013549804688, -737.17626953125, 349.9999694824219], [0.45587262511253357, -0.8026135563850403, -0.38469672203063965, 1.399999976158142]]}