{"K": [[694.4444580078125, 0.0, 250.0], [0.0, 694.4444580078125, 250.0], [0.0, 0.0, 1.0]], "RT": [[0.7612491267417006, -6.40499701707303e-08, 0.64845952637972, -3.2514953586079535e-11], [-0.02681645061120633, -0.9991444335548847, 0.031480755480852676, 5.5879354484980004e-08], [0.6479048198078127, -0.04135410330339168, -0.7605977741550667, 1.4000000953674314], [0.0, 0.0, 0.0, 1.0]], "P": [[690.6213989257812, -260.169677734375, -10.338522911071777, 350.0000305175781], [143.3536376953125, 168.28787231445312, -704.18896484375, 350.00006103515625], [0.6479048728942871, 0.7605980038642883, -0.041354089975357056, 1.4000000953674316]]}