{"K": [[694.4444580078125, 0.0, 250.0], [0.0, 694.4444580078125, 250.0], [0.0, 0.0, 1.0]], "RT": [[-0.3283507971646663, -1.7171897162390012e-07, 0.9445556350116178, -2.1912643432966023e-07], [-0.306293693215679, -0.9459634968668442, -0.10647529435614222, -1.0430812835686166e-07], [0.8935153154347377, -0.32427291142932735, 0.3106079747461954, 1.4000000953674316], [0.0, 0.0, 0.0, 1.0]], "P": [[-4.6426544189453125, -733.5936279296875, -81.06822967529297, 349.9998779296875], [10.674789428710938, -3.7106857299804688, -737.9874267578125, 349.9999694824219], [0.8935155272483826, -0.3106079399585724, -0.3242728114128113, 1.4000000953674316]]}