{"K": [[694.4444580078125, 0.0, 250.0], [0.0, 694.4444580078125, 250.0], [0.0, 0.0, 1.0]], "RT": [[-0.998004785628465, 2.2286541910772792e-07, 0.06313494875736787, -7.322381634486112e-07], [-0.017971748462949983, -0.9586306105316169, -0.28408470037015277, -5.110632620639555e-08], [0.06052303561487776, -0.2846527885236641, 0.956718153887082, 1.3999999761581419], [0.0, 0.0, 0.0, 1.0]], "P": [[-677.928466796875, -283.0233154296875, -71.16300201416016, 349.9994812011719], [2.6503753662109375, -41.89836120605469, -736.8789672851562, 349.9999694824219], [0.060523055493831635, -0.9567183256149292, -0.2846526503562927, 1.399999976158142]]}