{"K": [[694.4444580078125, 0.0, 250.0], [0.0, 694.4444580078125, 250.0], [0.0, 0.0, 1.0]], "RT": [[-0.5992634327181865, -1.3056147129536843e-08, 0.8005519476158566, -1.6470056616249324e-07], [-0.5842784167544011, -0.6836131986532453, -0.43736912777156556, -2.980232242595266e-08], [0.5472678729692791, -0.7298445064850104, 0.4096643353832519, 1.399999976158142], [0.0, 0.0, 0.0, 1.0]], "P": [[-279.338134765625, -658.3549194335938, -182.46115112304688, 349.9998779296875], [-268.93194580078125, 201.3124542236328, -657.1925048828125, 349.9999694824219], [0.5472678542137146, -0.4096643626689911, -0.7298445105552673, 1.399999976158142]]}