{"K": [[694.4444580078125, 0.0, 250.0], [0.0, 694.4444580078125, 250.0], [0.0, 0.0, 1.0]], "RT": [[0.7587254412253895, 2.6946290874007944e-08, -0.6514105631009921, 5.227375560023714e-09], [0.12280387894358145, -0.9820692765914028, 0.14303489245068002, 1.4901161185964135e-08], [-0.6397303240262936, -0.18851997430566297, -0.7451209121050248, 1.4000002145767214], [0.0, 0.0, 0.0, 1.0]], "P": [[366.96002197265625, 638.6487426757812, -47.13001251220703, 350.00006103515625], [-74.65208435058594, 86.9504623413086, -729.1226806640625, 350.00006103515625], [-0.6397303938865662, 0.7451210618019104, -0.18851998448371887, 1.4000002145767212]]}