{"K": [[694.4444580078125, 0.0, 250.0], [0.0, 694.4444580078125, 250.0], [0.0, 0.0, 1.0]], "RT": [[0.8114103745957403, 2.9145252524344994e-08, -0.5844768487405423, 1.7075944270476876e-08], [0.3924553174154131, -0.7410369087099397, 0.5448330117664222, 5.960464479726198e-08], [-0.4331189608492364, -0.6714642132563644, -0.601285065990912, 1.4000000953674316], [0.0, 0.0, 0.0, 1.0]], "P": [[455.19970703125, 556.2080078125, -167.86605834960938, 350.0000305175781], [164.25869750976562, -228.03501892089844, -682.4751586914062, 350.00006103515625], [-0.43311893939971924, 0.6012850999832153, -0.6714642643928528, 1.4000000953674316]]}