{"K": [[694.4444580078125, 0.0, 250.0], [0.0, 694.4444580078125, 250.0], [0.0, 0.0, 1.0]], "RT": [[-0.15100285958496978, 3.928781127740306e-08, -0.9885332726949314, 4.0647801572510145e-08], [0.8230173822927322, -0.5539285862182396, -0.1257195774378083, -5.122274157978332e-08], [-0.5475768651037967, -0.8325641756812695, 0.08364478189749713, 1.399999976158142], [0.0, 0.0, 0.0, 1.0]], "P": [[-241.75732421875, 665.5703125, -208.14102172851562, 350.0000305175781], [434.64569091796875, 66.39408874511719, -592.813720703125, 349.9999694824219], [-0.547576904296875, -0.08364477753639221, -0.8325641751289368, 1.399999976158142]]}