{"K": [[694.4444580078125, 0.0, 250.0], [0.0, 694.4444580078125, 250.0], [0.0, 0.0, 1.0]], "RT": [[0.9998272061486392, 3.412004388992083e-09, -0.018589185807940486, 6.615718642011575e-09], [0.0132087101047196, -0.7036377941236737, 0.7104359559345983, 2.9482180243989085e-07], [-0.013080054401313233, -0.7105587308086656, -0.703516219058664, 1.4000000953674316], [0.0, 0.0, 0.0, 1.0]], "P": [[691.054443359375, 188.78823852539062, -177.63970947265625, 350.0000305175781], [5.902703762054443, -317.47930908203125, -666.2771606445312, 350.000244140625], [-0.01308005303144455, 0.7035163044929504, -0.7105588316917419, 1.4000000953674316]]}