{"K": [[694.4444580078125, 0.0, 250.0], [0.0, 694.4444580078125, 250.0], [0.0, 0.0, 1.0]], "RT": [[0.7606219787427836, 4.258134113077858e-08, 0.6491950193772468, -1.3322208001438613e-08], [-0.22570643640246407, -0.9376165173303826, 0.26444644242421345, -7.450580578576042e-08], [0.6086959448193213, -0.34767127305293694, -0.7131717301503884, 1.3999999761581419], [0.0, 0.0, 0.0, 1.0]], "P": [[680.3837890625, -272.5369873046875, -86.91780090332031, 350.0], [-4.56658935546875, -5.350433349609375, -738.0404052734375, 349.99993896484375], [0.6086959838867188, 0.7131717205047607, -0.3476712703704834, 1.399999976158142]]}