{"K": [[694.4444580078125, 0.0, 250.0], [0.0, 694.4444580078125, 250.0], [0.0, 0.0, 1.0]], "RT": [[-0.9983254897730636, 2.493533918665704e-07, -0.05784152712208569, 6.365026479222857e-07], [0.04319944871789914, -0.6649794398608331, -0.7456109152360421, -2.8870999801046037e-08], [-0.0384636179609396, -0.7468616345487186, 0.6638661249740192, 1.399999976158142], [0.0, 0.0, 0.0, 1.0]], "P": [[-702.8978881835938, -125.79882049560547, -186.7152099609375, 350.00042724609375], [20.38372802734375, 351.81915283203125, -648.5067749023438, 349.9999694824219], [-0.03846363350749016, -0.6638662815093994, -0.7468615174293518, 1.399999976158142]]}