{"K": [[694.4444580078125, 0.0, 250.0], [0.0, 694.4444580078125, 250.0], [0.0, 0.0, 1.0]], "RT": [[-0.624758898186139, -4.632776337860393e-08, -0.7808177013755196, 8.408302689346199e-08], [0.26231895920952675, -0.9418783215478055, -0.20989027949722075, 1.043081283149626e-07], [-0.735435291805923, -0.33595411957230437, 0.5884468719260337, 1.3999999761581423], [0.0, 0.0, 0.0, 1.0]], "P": [[-617.7191772460938, 395.1228332519531, -83.98857116699219, 350.00006103515625], [-1.69287109375, -1.3545684814453125, -738.0707397460938, 350.00006103515625], [-0.7354353070259094, -0.5884469151496887, -0.33595412969589233, 1.399999976158142]]}