{"K": [[694.4444580078125, 0.0, 250.0], [0.0, 694.4444580078125, 250.0], [0.0, 0.0, 1.0]], "RT": [[-0.7801324878367865, 1.979568064729554e-08, -0.6256145901465247, -3.590066906279403e-08], [0.22230854566657784, -0.9347355674560316, -0.27721569156283393, 1.3411045078510506e-07], [-0.5847841451751296, -0.3553442400383858, 0.729217442221346, 1.3999998569488525], [0.0, 0.0, 0.0, 1.0]], "P": [[-687.9544677734375, 252.15013122558594, -88.83602905273438, 349.99993896484375], [8.184860229492188, 10.206436157226562, -737.9578857421875, 350.00006103515625], [-0.5847840309143066, -0.7292173504829407, -0.35534432530403137, 1.3999998569488525]]}