{"K": [[694.4444580078125, 0.0, 250.0], [0.0, 694.4444580078125, 250.0], [0.0, 0.0, 1.0]], "RT": [[-0.45440517076481973, 9.323049578834884e-08, 0.8907951288178375, -7.419963325295942e-09], [-0.5639663520743478, -0.7740664406001747, -0.2876858638548372, -2.980232246738144e-08], [0.6895345762161205, -0.633104423136087, 0.35173982473579624, 1.399999976158142], [0.0, 0.0, 0.0, 1.0]], "P": [[-143.17550659179688, -706.5426635742188, -158.2760467529297, 350.0], [-219.2596435546875, 111.84688568115234, -695.822265625, 349.9999694824219], [0.6895345449447632, -0.3517398238182068, -0.6331043839454651, 1.399999976158142]]}