{"K": [[694.4444580078125, 0.0, 250.0], [0.0, 694.4444580078125, 250.0], [0.0, 0.0, 1.0]], "RT": [[-0.8326536304603881, 1.9378610587986992e-07, -0.5537936964336331, 1.1796037575849745e-07], [0.2006583858827084, -0.9320479998216261, -0.3016991142623705, -8.94069670774463e-08], [-0.5161624160545792, -0.3623345790320097, 0.7760733402242881, 1.4000002145767212], [0.0, 0.0, 0.0, 1.0]], "P": [[-707.2726440429688, 190.56072998046875, -90.5835189819336, 350.0001525878906], [10.305557250976562, 15.495147705078125, -737.83935546875, 350.0], [-0.516162633895874, -0.7760735154151917, -0.36233440041542053, 1.4000002145767212]]}