{"K": [[694.4444580078125, 0.0, 250.0], [0.0, 694.4444580078125, 250.0], [0.0, 0.0, 1.0]], "RT": [[0.08743039966550352, -4.452959181613627e-08, 0.9961705016823266, -6.551948673592981e-08], [-0.8005898407118185, -0.5950785444787258, 0.07026497251026491, 3.0733644927577107e-08], [0.5927997966402617, -0.8036675320238273, -0.05202792685103584, 1.4000000953674314], [0.0, 0.0, 0.0, 1.0]], "P": [[208.91552734375, -678.7782592773438, -200.91685485839844, 350.0], [-407.765380859375, -35.788116455078125, -614.1658935546875, 350.00006103515625], [0.5927998423576355, 0.052028004080057144, -0.8036674857139587, 1.4000000953674316]]}