{"K": [[694.4444580078125, 0.0, 250.0], [0.0, 694.4444580078125, 250.0], [0.0, 0.0, 1.0]], "RT": [[-0.4168822962763534, 4.369826827221978e-08, -0.9089603896931984, 1.2444778013003393e-07], [0.4470963442255031, -0.8706648708746243, -0.20505465763857475, -5.9604644765359326e-08], [-0.7913999429343022, -0.491876639425943, 0.36296483757172393, 1.399999976158142], [0.0, 0.0, 0.0, 1.0]], "P": [[-487.3516845703125, 540.4813842773438, -122.96915435791016, 350.0000915527344], [112.63363647460938, 51.657920837402344, -727.59765625, 349.9999694824219], [-0.7914000153541565, -0.36296480894088745, -0.49187660217285156, 1.399999976158142]]}