{"K": [[694.4444580078125, 0.0, 250.0], [0.0, 694.4444580078125, 250.0], [0.0, 0.0, 1.0]], "RT": [[-0.6663642303376807, 1.72161551039929e-08, -0.7456262623581817, 1.35321883495505e-07], [0.27405470166545165, -0.9300038078220129, -0.24492193736805187, -7.450580595760184e-08], [-0.6934353104652602, -0.36754974381519256, 0.619721354748561, 1.4000000953674316], [0.0, 0.0, 0.0, 1.0]], "P": [[-636.1119384765625, 362.86578369140625, -91.88744354248047, 350.0001220703125], [16.95697021484375, 15.1544189453125, -737.7235107421875, 349.9999694824219], [-0.6934354305267334, -0.6197214126586914, -0.36754968762397766, 1.4000000953674316]]}