{"K": [[694.4444580078125, 0.0, 250.0], [0.0, 694.4444580078125, 250.0], [0.0, 0.0, 1.0]], "RT": [[0.10954957511972026, 6.54697276556834e-08, -0.9939813049132676, 8.969182374460348e-08], [0.7567411964113664, -0.6483723380716089, 0.08340261475903138, 2.0489096617071655e-08], [-0.6444699703677448, -0.7613233849184244, -0.07102894567093154, 1.4000000953674316], [0.0, 0.0, 0.0, 1.0]], "P": [[-85.04141235351562, 708.0220947265625, -190.330810546875, 350.0000915527344], [364.39727783203125, -40.16124725341797, -640.5894165039062, 350.0000305175781], [-0.6444700360298157, 0.07102897018194199, -0.7613233923912048, 1.4000000953674316]]}