{"K": [[694.4444580078125, 0.0, 250.0], [0.0, 694.4444580078125, 250.0], [0.0, 0.0, 1.0]], "RT": [[0.2674114650000854, -9.740948883650265e-09, 0.9635824117071143, -2.2471279835707822e-08], [-0.6354466478743526, -0.7517373075554575, 0.1763478729093064, 2.6077031844268615e-08], [0.7243608320211895, -0.6594626732346738, -0.20102317057387717, 1.4000000953674319], [0.0, 0.0, 0.0, 1.0]], "P": [[366.7926330566406, -618.898681640625, -164.8656768798828, 350.0], [-260.19219970703125, -72.2080078125, -686.9054565429688, 350.00006103515625], [0.7243608832359314, 0.2010231912136078, -0.6594626903533936, 1.4000000953674316]]}