{"K": [[694.4444580078125, 0.0, 250.0], [0.0, 694.4444580078125, 250.0], [0.0, 0.0, 1.0]], "RT": [[-0.9491649004210037, -3.4068718642728077e-07, 0.31477933763644117, 4.268857765533637e-07], [-0.24059345017271355, -0.644831431570892, -0.7254703955317369, 9.685754758543493e-08], [0.2029798493451498, -0.7643247993898813, 0.6120512767402674, 1.399999976158142], [0.0, 0.0, 0.0, 1.0]], "P": [[-608.3973388671875, -371.60955810546875, -191.08145141601562, 350.00030517578125], [-116.33381652832031, 350.7860107421875, -638.8807983398438, 350.00006103515625], [0.20297984778881073, -0.612051248550415, -0.7643248438835144, 1.399999976158142]]}