{"K": [[694.4444580078125, 0.0, 250.0], [0.0, 694.4444580078125, 250.0], [0.0, 0.0, 1.0]], "RT": [[-0.5208278555768978, 1.8587875525893766e-07, -0.8536614171499763, 2.9618598766421085e-07], [0.5438726484572233, -0.7707761357730992, -0.3318225336677403, -1.7881393429626595e-07], [-0.6579820205176343, -0.6371059554435773, 0.4014418197034536, 1.4000000953674316], [0.0, 0.0, 0.0, 1.0]], "P": [[-526.1818237304688, 492.4602966308594, -159.2764434814453, 350.000244140625], [213.19403076171875, 130.07208251953125, -694.5379028320312, 349.9999084472656], [-0.6579822897911072, -0.4014418125152588, -0.6371058821678162, 1.4000000953674316]]}