{"K": [[694.4444580078125, 0.0, 250.0], [0.0, 694.4444580078125, 250.0], [0.0, 0.0, 1.0]], "RT": [[0.07100170394806107, -4.126227692674175e-08, 0.997476169576416, 1.2919267076522998e-07], [-0.1335105248447221, -0.9910018083253505, 0.009503443588381464, -4.0279701329346045e-08], [0.9885006872853739, -0.1338483557651084, -0.07036279758464595, 1.3999999761581419], [0.0, 0.0, 0.0, 1.0]], "P": [[296.4319152832031, -675.1011352539062, -33.462093353271484, 350.0000915527344], [154.40953063964844, 10.991109848022461, -721.6578369140625, 349.9999694824219], [0.9885007739067078, 0.07036282867193222, -0.13384833931922913, 1.399999976158142]]}