{"K": [[694.4444580078125, 0.0, 250.0], [0.0, 694.4444580078125, 250.0], [0.0, 0.0, 1.0]], "RT": [[0.9909389243729865, -6.842415422169073e-09, 0.13431332856791578, 1.1354785530034651e-08], [-0.04723650068381833, -0.9361168670948892, 0.34850221374879503, 1.6298145055818676e-07], [0.1257329750621542, -0.35168887858885345, -0.9276346112287434, 1.4000002145767214], [0.0, 0.0, 0.0, 1.0]], "P": [[719.5852661132812, 138.6355438232422, -87.92223358154297, 350.00006103515625], [-1.3698921203613281, -10.106765747070312, -738.0034790039062, 350.00018310546875], [0.12573298811912537, 0.9276347756385803, -0.351688951253891, 1.4000002145767212]]}