{"K": [[694.4444580078125, 0.0, 250.0], [0.0, 694.4444580078125, 250.0], [0.0, 0.0, 1.0]], "RT": [[-0.6018845170826755, 1.6020992048753465e-07, -0.7985828663301708, 1.7673195880514156e-07], [0.3745008381534823, -0.8832209729350142, -0.2822579234673487, -5.960464479688974e-08], [-0.7053253038688387, -0.4689569356600125, 0.5315971057994304, 1.4000000953674316], [0.0, 0.0, 0.0, 1.0]], "P": [[-594.3069458007812, 421.67236328125, -117.2391357421875, 350.0001525878906], [83.73881530761719, 63.113311767578125, -730.5872192382812, 350.0], [-0.7053254842758179, -0.5315971970558167, -0.4689568281173706, 1.4000000953674316]]}