{"K": [[694.4444580078125, 0.0, 250.0], [0.0, 694.4444580078125, 250.0], [0.0, 0.0, 1.0]], "RT": [[0.8935738748689931, 1.4145061434702124e-08, 0.4489161678655777, -2.1284872476219966e-08], [-0.31034435053156945, -0.7225494568629749, 0.6177447856956555, 5.960464485348357e-08], [0.32436415122223833, -0.6913191963828696, -0.6456513248878082, 1.399999976158142], [0.0, 0.0, 0.0, 1.0]], "P": [[701.6284790039062, -150.33450317382812, -172.8297882080078, 350.0], [-134.42587280273438, -267.57659912109375, -674.600341796875, 350.0000305175781], [0.32436415553092957, 0.6456513404846191, -0.6913192272186279, 1.399999976158142]]}