{"K": [[694.4444580078125, 0.0, 250.0], [0.0, 694.4444580078125, 250.0], [0.0, 0.0, 1.0]], "RT": [[0.444998569539089, -1.1691471077134033e-07, 0.8955312664581164, -2.7910271370070376e-08], [-0.2411305247701704, -0.9630675518201167, 0.11982010709955701, 6.705522540625794e-08], [0.8624571462570594, -0.2692597133781813, -0.4285637076012766, 1.4000000953674316], [0.0, 0.0, 0.0, 1.0]], "P": [[524.64111328125, -514.7557983398438, -67.31499481201172, 350.0], [48.162506103515625, 23.932533264160156, -736.1119384765625, 350.0000915527344], [0.8624571561813354, 0.4285637438297272, -0.2692597210407257, 1.4000000953674316]]}