{"K": [[694.4444580078125, 0.0, 250.0], [0.0, 694.4444580078125, 250.0], [0.0, 0.0, 1.0]], "RT": [[0.9982903945498428, 1.8684045907036903e-09, -0.05844880598903142, 7.814000105829773e-09], [0.006086187137469194, -0.9945637550742065, 0.10395052999236204, 1.629814505881066e-07], [-0.05813107008590755, -0.10412854811799674, -0.9928634981208077, 1.4000000953674314], [0.0, 0.0, 0.0, 1.0]], "P": [[678.7244873046875, 288.80535888671875, -26.032142639160156, 350.0000305175781], [-10.306245803833008, 176.02801513671875, -716.7015991210938, 350.0001525878906], [-0.05813107267022133, 0.9928635954856873, -0.10412856191396713, 1.4000000953674316]]}