{"K": [[694.4444580078125, 0.0, 250.0], [0.0, 694.4444580078125, 250.0], [0.0, 0.0, 1.0]], "RT": [[0.5519996870736031, -2.8053522560023824e-08, 0.8338443096294901, -6.006428776311678e-08], [-0.013892829753301255, -0.9998611445908587, 0.009196987950929991, 4.1909515855526455e-08], [0.8337285740588475, -0.016661216934494825, -0.5519229761562331, 1.399999976158142], [0.0, 0.0, 0.0, 1.0]], "P": [[591.7652587890625, -441.07781982421875, -4.165284633636475, 349.9999694824219], [198.78433227539062, 131.593994140625, -698.5133666992188, 350.0000305175781], [0.8337286114692688, 0.5519230961799622, -0.01666119322180748, 1.399999976158142]]}