{"K": [[694.4444580078125, 0.0, 250.0], [0.0, 694.4444580078125, 250.0], [0.0, 0.0, 1.0]], "RT": [[0.8423051489264886, -4.5840191176028935e-08, 0.5390009399558816, -5.070019812214173e-08], [-0.10419916988376514, -0.9811359275706272, 0.1628336130707891, 1.1175870888629829e-07], [0.52883315959181, -0.19331904965716062, -0.8264158638178668, 1.3999999761581425], [0.0, 0.0, 0.0, 1.0]], "P": [[717.1424560546875, -167.70223999023438, -48.32978439331055, 349.9999694824219], [59.847747802734375, 93.52507019042969, -729.6741943359375, 350.0000915527344], [0.5288332104682922, 0.8264158964157104, -0.19331905245780945, 1.399999976158142]]}