{"K": [[694.4444580078125, 0.0, 250.0], [0.0, 694.4444580078125, 250.0], [0.0, 0.0, 1.0]], "RT": [[0.7594735784690462, -8.077693242174424e-08, 0.6505381709160264, -3.9289816608003756e-09], [-0.4245010940436613, -0.7577557240445777, 0.4955855603922503, 8.940696728005579e-08], [0.4929489985977014, -0.6525383084233757, -0.5754954936200174, 1.3999999761581423], [0.0, 0.0, 0.0, 1.0]], "P": [[650.6494750976562, -307.88873291015625, -163.13462829589844, 350.0], [-171.55520629882812, -200.28277587890625, -689.3538818359375, 350.00006103515625], [0.492948979139328, 0.5754954814910889, -0.6525382995605469, 1.399999976158142]]}