{"K": [[694.4444580078125, 0.0, 250.0], [0.0, 694.4444580078125, 250.0], [0.0, 0.0, 1.0]], "RT": [[0.9286841217866956, 1.9525518738986206e-09, 0.37087168014723604, -2.2949057773044173e-08], [-0.3509767090561226, -0.3231253662994813, 0.8788659333823073, -4.097819331052862e-08], [0.11983805322380464, -0.9463561609983008, -0.3000813834916533, 1.4000000953674316], [0.0, 0.0, 0.0, 1.0]], "P": [[674.8790893554688, -182.52944946289062, -236.58905029296875, 350.0], [-213.77430725097656, -535.3032836914062, -460.981689453125, 350.0], [0.11983805149793625, 0.30008140206336975, -0.9463561773300171, 1.4000000953674316]]}