{"K": [[694.4444580078125, 0.0, 250.0], [0.0, 694.4444580078125, 250.0], [0.0, 0.0, 1.0]], "RT": [[0.8126546197652511, -1.1997540193167892e-07, 0.5827455956102183, -1.2505216771519528e-07], [-0.2962808311099599, -0.8611077237818113, 0.4131716519096026, 2.6822090151894695e-07], [0.5018067944381567, -0.5084222463329995, -0.6997831523964749, 1.4000002145767212], [0.0, 0.0, 0.0, 1.0]], "P": [[689.7952270507812, -229.7386474609375, -127.10558319091797, 349.9999694824219], [-80.29898834228516, -111.97897338867188, -725.0972900390625, 350.000244140625], [0.5018068552017212, 0.699783444404602, -0.5084223747253418, 1.4000002145767212]]}