{"K": [[694.4444580078125, 0.0, 250.0], [0.0, 694.4444580078125, 250.0], [0.0, 0.0, 1.0]], "RT": [[-0.9237105926763286, 4.022166706383176e-08, -0.3830904677574261, -3.304354478471826e-08], [0.259909060405925, -0.7346432104007389, -0.6266947075159864, 5.960464485329283e-08], [-0.2814348772426042, -0.6784535873342452, 0.6785979080163137, 1.4000000953674316], [0.0, 0.0, 0.0, 1.0]], "P": [[-711.8247680664062, 96.38566589355469, -169.61337280273438, 350.0], [110.13375091552734, 265.555419921875, -679.7824096679688, 350.00006103515625], [-0.28143495321273804, -0.6785979866981506, -0.6784535050392151, 1.4000000953674316]]}