{"K": [[694.4444580078125, 0.0, 250.0], [0.0, 694.4444580078125, 250.0], [0.0, 0.0, 1.0]], "RT": [[0.24796768282149906, -1.2491893576205882e-07, 0.9687683127795831, -8.133079630901037e-08], [-0.7011876184435626, -0.6900173228840185, 0.179477164387505, 1.0430812807589689e-07], [0.6684668785754482, -0.7237928931783835, -0.1711020668449717, 1.3999998569488523], [0.0, 0.0, 0.0, 1.0]], "P": [[339.3164978027344, -629.9802856445312, -180.9482879638672, 349.9999084472656], [-319.81915283203125, -81.86139678955078, -660.1268920898438, 350.0000305175781], [0.6684668660163879, 0.17110207676887512, -0.7237928509712219, 1.3999998569488525]]}