{"K": [[694.4444580078125, 0.0, 250.0], [0.0, 694.4444580078125, 250.0], [0.0, 0.0, 1.0]], "RT": [[-0.9946359643412351, 1.334847099598092e-07, -0.10343464333019652, 5.574786427749893e-07], [0.005389566611411788, -0.9986413743347005, -0.05182767880680036, -2.3341272026231995e-07], [-0.10329413338165173, -0.05210741563421778, 0.9932848773527719, 1.4000002145767214], [0.0, 0.0, 0.0, 1.0]], "P": [[-716.5433959960938, -176.49163818359375, -13.02670955657959, 350.0004577636719], [-22.080780029296875, -212.32965087890625, -706.5279541015625, 349.9999084472656], [-0.10329417884349823, -0.9932851791381836, -0.05210717022418976, 1.4000002145767212]]}