{"K": [[694.4444580078125, 0.0, 250.0], [0.0, 694.4444580078125, 250.0], [0.0, 0.0, 1.0]], "RT": [[-0.39214064094447615, -1.2203650683833406e-07, 0.9199052159482948, 2.82542309914878e-08], [-0.45131598493634034, -0.8713784349958822, -0.19238876689368495, 8.940696726044668e-08], [0.8015856204840496, -0.49061144100314624, 0.3417029081771491, 1.399999976158142], [0.0, 0.0, 0.0, 1.0]], "P": [[-71.92352294921875, -724.2488403320312, -122.65291595458984, 350.0000305175781], [-113.01748657226562, 48.1776123046875, -727.7767944335938, 350.00006103515625], [0.8015856742858887, -0.3417028784751892, -0.4906114339828491, 1.399999976158142]]}