{"K": [[694.4444580078125, 0.0, 250.0], [0.0, 694.4444580078125, 250.0], [0.0, 0.0, 1.0]], "RT": [[0.17848522991651675, 2.8656277128914733e-08, 0.9839426167792767, -2.0797454454287784e-08], [-0.8034754056329387, -0.5772214712908754, 0.14574884287914744, 1.4901161349152203e-08], [0.567952818768585, -0.8165876649793395, -0.10302549072837663, 1.399999976158142], [0.0, 0.0, 0.0, 1.0]], "P": [[265.9362487792969, -657.537109375, -204.1468963623047, 350.0], [-415.9808044433594, -75.45809936523438, -604.9951171875, 350.0], [0.5679527521133423, 0.10302547365427017, -0.8165876269340515, 1.399999976158142]]}