{"K": [[694.4444580078125, 0.0, 250.0], [0.0, 694.4444580078125, 250.0], [0.0, 0.0, 1.0]], "RT": [[-0.9245055597692176, -8.497345365917948e-08, 0.38116776104953015, -1.842736167805422e-07], [-0.3278252083036104, -0.5102011807366259, -0.7951256515036113, -1.4901161184523443e-07], [0.1944723241711951, -0.8600550560306829, 0.47168394794350593, 1.4000000953674319], [0.0, 0.0, 0.0, 1.0]], "P": [[-593.4000244140625, -382.6210021972656, -215.0137939453125, 349.9999084472656], [-179.0384521484375, 434.24993896484375, -569.3202514648438, 349.99993896484375], [0.19447243213653564, -0.4716840982437134, -0.8600550293922424, 1.4000000953674316]]}