{"K": [[694.4444580078125, 0.0, 250.0], [0.0, 694.4444580078125, 250.0], [0.0, 0.0, 1.0]], "RT": [[-0.9513575598424132, -2.3733898204207493e-07, 0.308089250984963, -2.6804755736445747e-08], [-0.15127754675916602, -0.8711487734364833, -0.4671349279589727, 1.0803341864565349e-07], [0.2683916993528996, -0.4910191896704098, 0.8287738355537599, 1.399999976158142], [0.0, 0.0, 0.0, 1.0]], "P": [[-593.5669555664062, -421.144287109375, -122.75499725341797, 349.9999694824219], [-37.95592498779297, 117.20571899414062, -727.71923828125, 350.00006103515625], [0.2683916389942169, -0.8287737965583801, -0.49101924896240234, 1.399999976158142]]}