{"K": [[694.4444580078125, 0.0, 250.0], [0.0, 694.4444580078125, 250.0], [0.0, 0.0, 1.0]], "RT": [[0.35868244589673753, 3.162752705345533e-08, -0.9334595816195436, 1.1497925814104631e-07], [0.6474184823098786, -0.7203902703455456, 0.24877096348629255, -6.705522507833932e-08], [-0.6724552750766832, -0.6935688580991359, -0.25839132634780493, 1.3999999761581423], [0.0, 0.0, 0.0, 1.0]], "P": [[80.97120666503906, 712.833740234375, -173.39224243164062, 350.0000915527344], [281.4824523925781, -108.1597900390625, -673.663330078125, 349.99993896484375], [-0.6724553108215332, 0.258391410112381, -0.6935688853263855, 1.399999976158142]]}