{"K": [[694.4444580078125, 0.0, 250.0], [0.0, 694.4444580078125, 250.0], [0.0, 0.0, 1.0]], "RT": [[-0.6299343524118504, 9.057749776197499e-08, 0.7766484468653118, 3.457451936449005e-08], [-0.2395923790690309, -0.9512259108407459, -0.19433168261218633, 7.450580605463008e-08], [0.7387681136418948, -0.30849521049720574, 0.5992098291962403, 1.3999999761581419], [0.0, 0.0, 0.0, 1.0]], "P": [[-252.7623291015625, -689.1416015625, -77.12376403808594, 350.0000305175781], [18.308425903320312, -14.849929809570312, -737.6973266601562, 350.00006103515625], [0.7387680411338806, -0.5992098450660706, -0.3084952235221863, 1.399999976158142]]}