{"K": [[694.4444580078125, 0.0, 250.0], [0.0, 694.4444580078125, 250.0], [0.0, 0.0, 1.0]], "RT": [[-0.7445014258114395, -1.2329229457247182e-07, 0.6676205203533772, -9.206163995661774e-08], [-0.24061223750539815, -0.9327966301413217, -0.2683203948591187, 0.0], [0.6227543496695451, -0.36040289543305115, 0.6944685811987398, 1.4000000953674319], [0.0, 0.0, 0.0, 1.0]], "P": [[-361.3265075683594, -637.2427978515625, -90.1007308959961, 349.9999694824219], [-11.4033203125, 12.716629028320312, -737.8763427734375, 350.0000305175781], [0.6227545142173767, -0.6944687366485596, -0.36040276288986206, 1.4000000953674316]]}