{"K": [[694.4444580078125, 0.0, 250.0], [0.0, 694.4444580078125, 250.0], [0.0, 0.0, 1.0]], "RT": [[-0.9097473427719975, 3.7059828073928546e-08, -0.4151625347509657, 4.430446767061219e-08], [0.21530746386441557, -0.8550109203120689, -0.4718041975312296, 3.725290310578105e-08], [-0.3549685168505781, -0.5186100546670018, 0.7778437919224239, 1.399999976158142], [0.0, 0.0, 0.0, 1.0]], "P": [[-720.510986328125, 93.84637451171875, -129.65248107910156, 350.0000305175781], [60.77691650390625, 133.1807861328125, -723.4100341796875, 350.0000305175781], [-0.35496845841407776, -0.7778437733650208, -0.5186101198196411, 1.399999976158142]]}