{"K": [[694.4444580078125, 0.0, 250.0], [0.0, 694.4444580078125, 250.0], [0.0, 0.0, 1.0]], "RT": [[-0.7107410623814394, 3.643679947420161e-08, -0.7034535678271815, 2.329710752398589e-07], [0.47967122564899417, -0.7314635599261763, -0.4846404357495776, -8.94069671134346e-08], [-0.514550706237424, -0.681880471897735, 0.5198812424955798, 1.4000000953674319], [0.0, 0.0, 0.0, 1.0]], "P": [[-622.2080078125, 358.53924560546875, -170.47012329101562, 350.00018310546875], [204.4674072265625, 206.5856475830078, -678.4310302734375, 349.9999694824219], [-0.5145508050918579, -0.5198813080787659, -0.6818804740905762, 1.4000000953674316]]}