{"K": [[694.4444580078125, 0.0, 250.0], [0.0, 694.4444580078125, 250.0], [0.0, 0.0, 1.0]], "RT": [[-0.9912149689243455, -4.7383310518470635e-08, 0.13225877551303275, 8.55661354674119e-08], [-0.03185643247255489, -0.9705585440099564, -0.2387486707118796, -4.47034834585108e-08], [0.12836491506517583, -0.24086488264589132, 0.9620323953355193, 1.4000000953674314], [0.0, 0.0, 0.0, 1.0]], "P": [[-656.2528686523438, -332.3545837402344, -60.21619415283203, 350.0000915527344], [9.968692779541016, -74.71023559570312, -734.2153930664062, 350.0], [0.12836496531963348, -0.962032675743103, -0.24086467921733856, 1.4000000953674316]]}