{"K": [[694.4444580078125, 0.0, 250.0], [0.0, 694.4444580078125, 250.0], [0.0, 0.0, 1.0]], "RT": [[0.15188421659877416, -2.182737409293427e-08, 0.9883982102552001, -1.3454744872936523e-07], [-0.8236476395607601, -0.5527974977799724, 0.12656748898129147, -4.190951580510115e-08], [0.5463841071503057, -0.8333155952384301, -0.08396119313619695, 1.4000000953674319], [0.0, 0.0, 0.0, 1.0]], "P": [[242.07119750976562, -665.3974609375, -208.32888793945312, 349.99993896484375], [-435.3816223144531, -66.9037857055664, -592.2161254882812, 350.0], [0.5463841557502747, 0.08396124839782715, -0.8333156108856201, 1.4000000953674316]]}