{"K": [[694.4444580078125, 0.0, 250.0], [0.0, 694.4444580078125, 250.0], [0.0, 0.0, 1.0]], "RT": [[0.8153294460930995, -1.3091805503010893e-08, 0.57899725739122, 4.08638454464455e-08], [-0.33546199102601726, -0.8150543840259376, 0.47238919246858035, 7.450580574849586e-08], [0.47191428431229315, -0.579384425519994, -0.6645378330180622, 1.3999999761581423], [0.0, 0.0, 0.0, 1.0]], "P": [[684.1796264648438, -235.94700622558594, -144.84609985351562, 350.0000305175781], [-114.98117065429688, -161.91358947753906, -710.8561401367188, 350.00006103515625], [0.47191429138183594, 0.6645379066467285, -0.579384446144104, 1.399999976158142]]}