{"K": [[694.4444580078125, 0.0, 250.0], [0.0, 694.4444580078125, 250.0], [0.0, 0.0, 1.0]], "RT": [[-0.98266129681899, -1.9142794415852443e-07, 0.18540989079863537, -7.592257135077665e-08], [-0.1397354476412737, -0.6572672026775161, -0.7405902154922558, 3.352761267629515e-08], [0.12186398229690437, -0.7536576134494121, 0.645871023124611, 1.399999976158142], [0.0, 0.0, 0.0, 1.0]], "P": [[-651.9376831054688, -290.224609375, -188.41455078125, 349.99993896484375], [-66.572509765625, 352.8309631347656, -644.8499755859375, 350.0000305175781], [0.12186397612094879, -0.6458709836006165, -0.7536576390266418, 1.399999976158142]]}