{"K": [[694.4444580078125, 0.0, 250.0], [0.0, 694.4444580078125, 250.0], [0.0, 0.0, 1.0]], "RT": [[0.9672464850746454, 1.020070083655247e-08, -0.2538390274840664, 3.501932610587637e-08], [0.2389602388927807, -0.33733401522007517, 0.910551321610509, 8.195638656813329e-08], [-0.08562854590941787, -0.9413850081979908, -0.32628514431947053, 1.399999976158142], [0.0, 0.0, 0.0, 1.0]], "P": [[650.2918701171875, 257.848388671875, -235.34625244140625, 350.0000305175781], [144.53749084472656, -550.7560424804688, -469.60601806640625, 350.00006103515625], [-0.08562853187322617, 0.32628515362739563, -0.94138503074646, 1.399999976158142]]}