{"K": [[694.4444580078125, 0.0, 250.0], [0.0, 694.4444580078125, 250.0], [0.0, 0.0, 1.0]], "RT": [[0.7086105994789205, -7.185156797070925e-08, 0.7055997361173381, 2.760302671155444e-09], [-0.13225197191187682, -0.9822775244943752, 0.13281627926964673, 2.0861625674900984e-07], [0.6930947871841738, -0.18743202006098755, -0.6960522403066369, 1.4000000953674319], [0.0, 0.0, 0.0, 1.0]], "P": [[665.3643798828125, -315.98675537109375, -46.858009338378906, 350.0000305175781], [81.4320068359375, 81.77955627441406, -728.9952392578125, 350.00018310546875], [0.6930948495864868, 0.6960523724555969, -0.18743200600147247, 1.4000000953674316]]}