{"K": [[694.4444580078125, 0.0, 250.0], [0.0, 694.4444580078125, 250.0], [0.0, 0.0, 1.0]], "RT": [[0.7162170216047741, 3.5154173158233892e-09, -0.6978776435908385, 1.4761322035797092e-08], [0.42156935794997097, -0.7969286151933637, 0.43264768382598506, -5.960464486503388e-08], [-0.5561586940957408, -0.6040734784861419, -0.5707738213133132, 1.399999976158142], [0.0, 0.0, 0.0, 1.0]], "P": [[358.333251953125, 627.3307495117188, -151.0183868408203, 350.0], [153.71685791015625, -157.75633239746094, -704.4410400390625, 349.9999694824219], [-0.5561586618423462, 0.5707738399505615, -0.6040734648704529, 1.399999976158142]]}