{"K": [[694.4444580078125, 0.0, 250.0], [0.0, 694.4444580078125, 250.0], [0.0, 0.0, 1.0]], "RT": [[-0.7063566458139463, 5.5377505227322016e-08, -0.7078560662629579, -2.8123123265563986e-08], [0.42312071677521107, -0.8016827503838572, -0.42222448044098, 8.940696700064356e-08], [-0.5674760382336248, -0.5977496902093165, 0.5662739551635989, 1.4000000953674316], [0.0, 0.0, 0.0, 1.0]], "P": [[-632.39453125, 349.998291015625, -149.43739318847656, 350.0], [151.96484375, 151.6429901123047, -706.16162109375, 350.0000915527344], [-0.5674760937690735, -0.5662739872932434, -0.5977497100830078, 1.4000000953674316]]}