{"K": [[694.4444580078125, 0.0, 250.0], [0.0, 694.4444580078125, 250.0], [0.0, 0.0, 1.0]], "RT": [[-0.9462826132998117, -3.473754861264397e-07, 0.32334001954254343, 2.6185802090200406e-08], [-0.209455319463757, -0.7618211735033306, -0.6129899601206737, -1.1175870914793528e-07], [0.2463275080239985, -0.6477873889046138, 0.7208982091169931, 1.3999999761581423], [0.0, 0.0, 0.0, 1.0]], "P": [[-595.55908203125, -404.766357421875, -161.94705200195312, 350.0000305175781], [-83.87326049804688, 245.46310424804688, -690.9893798828125, 349.9999084472656], [0.24632757902145386, -0.7208983302116394, -0.6477872729301453, 1.399999976158142]]}