{"K": [[694.4444580078125, 0.0, 250.0], [0.0, 694.4444580078125, 250.0], [0.0, 0.0, 1.0]], "RT": [[0.11250502445796975, -2.2892784455313094e-08, -0.9936511597993447, -8.94768845392163e-08], [0.6775700692658756, -0.7314460419063341, 0.07671711506143972, 6.51925804197465e-08], [-0.7268022283968494, -0.6818993535920904, -0.08229134841743481, 1.3999999761581419], [0.0, 0.0, 0.0, 1.0]], "P": [[-103.57205200195312, 710.6083374023438, -170.47483825683594, 349.99993896484375], [288.834228515625, -32.70294189453125, -678.4234619140625, 350.0000305175781], [-0.7268021702766418, 0.08229133486747742, -0.6818993091583252, 1.399999976158142]]}