{"K": [[694.4444580078125, 0.0, 250.0], [0.0, 694.4444580078125, 250.0], [0.0, 0.0, 1.0]], "RT": [[0.7358225361342554, -2.4473815211806387e-08, 0.6771743619903676, 2.959487248259059e-09], [-0.48915438797634253, -0.6915314827771377, 0.5315187136446147, 5.960464486775863e-08], [0.46828741535248086, -0.7223462835621373, -0.508844515491932, 1.3999999761581423], [0.0, 0.0, 0.0, 1.0]], "P": [[628.059814453125, -343.04888916015625, -180.58657836914062, 350.0], [-222.6187286376953, -241.89907836914062, -660.8168334960938, 350.0000305175781], [0.4682874083518982, 0.5088444948196411, -0.722346305847168, 1.399999976158142]]}