{"K": [[694.4444580078125, 0.0, 250.0], [0.0, 694.4444580078125, 250.0], [0.0, 0.0, 1.0]], "RT": [[-0.5054803580097214, -5.615846823087514e-08, -0.8628380454215373, 1.0765986509160291e-07], [0.5627104402346175, -0.7580793684766352, -0.3296551777390664, -2.980232244597319e-08], [-0.6540997568947207, -0.6521623068502486, 0.38319428401070005, 1.399999976158142], [0.0, 0.0, 0.0, 1.0]], "P": [[-514.5530395507812, 503.39459228515625, -163.04058837890625, 350.00006103515625], [227.2462615966797, 133.128662109375, -689.484619140625, 349.9999694824219], [-0.6540997624397278, -0.38319429755210876, -0.6521622538566589, 1.399999976158142]]}