{"K": [[694.4444580078125, 0.0, 250.0], [0.0, 694.4444580078125, 250.0], [0.0, 0.0, 1.0]], "RT": [[0.5887542882101363, -2.2467161988932106e-08, -0.8083120578498456, 5.371060755507733e-08], [0.5697528661604857, -0.7093390151971287, 0.4149937656655036, -2.9802322405439554e-08], [-0.5733672863411771, -0.7048674662956506, -0.4176263765795145, 1.399999976158142], [0.0, 0.0, 0.0, 1.0]], "P": [[265.51531982421875, 665.7344360351562, -176.21688842773438, 350.0000305175781], [252.31988525390625, -183.78353881835938, -668.8134155273438, 349.9999694824219], [-0.5733672976493835, 0.41762638092041016, -0.7048674821853638, 1.399999976158142]]}