{"K": [[694.4444580078125, 0.0, 250.0], [0.0, 694.4444580078125, 250.0], [0.0, 0.0, 1.0]], "RT": [[0.3416680644893588, -3.332485337068095e-08, -0.9398206760189541, 9.108833155230349e-08], [0.8466778272309101, -0.43404133138416884, 0.3078063639778298, -8.195638656807857e-08], [-0.40792104241241384, -0.9008929345372699, -0.14829803266347655, 1.399999976158142], [0.0, 0.0, 0.0, 1.0]], "P": [[135.28924560546875, 689.727783203125, -225.2232666015625, 350.00006103515625], [485.9904479980469, -176.67991638183594, -526.640869140625, 349.99993896484375], [-0.40792104601860046, 0.14829804003238678, -0.900892972946167, 1.399999976158142]]}