{"K": [[694.4444580078125, 0.0, 250.0], [0.0, 694.4444580078125, 250.0], [0.0, 0.0, 1.0]], "RT": [[-0.7992156985943691, 1.1106071879784495e-07, 0.6010442832441807, -3.4085715579741164e-07], [-0.455205289499632, -0.6530007796925882, -0.605291739413709, -8.940696688866972e-08], [0.39248229262547163, -0.757357237324588, 0.521888518856493, 1.4000000953674319], [0.0, 0.0, 0.0, 1.0]], "P": [[-456.8903503417969, -547.864013671875, -189.33921813964844, 349.9997863769531], [-217.99423217773438, 289.869384765625, -642.8120727539062, 349.9999694824219], [0.39248234033584595, -0.5218885540962219, -0.7573572397232056, 1.4000000953674316]]}