{"K": [[694.4444580078125, 0.0, 250.0], [0.0, 694.4444580078125, 250.0], [0.0, 0.0, 1.0]], "RT": [[0.7835447024327655, -1.0074702946793473e-07, 0.6213353641795484, -9.65300941494294e-08], [-0.21670723485961696, -0.9372058545821372, 0.27328195554600315, 1.7881393436293665e-07], [0.5823191910282574, -0.3487765390505099, -0.73434268969222, 1.4000000953674316], [0.0, 0.0, 0.0, 1.0]], "P": [[689.7081298828125, -247.8972625732422, -87.19416809082031, 349.9999694824219], [-4.911376953125, -6.193450927734375, -738.0316162109375, 350.0001525878906], [0.5823192000389099, 0.7343428134918213, -0.34877654910087585, 1.4000000953674316]]}