{"K": [[694.4444580078125, 0.0, 250.0], [0.0, 694.4444580078125, 250.0], [0.0, 0.0, 1.0]], "RT": [[-0.7212511555971319, -1.625979061442848e-08, 0.6926738081243496, 1.5443927740988615e-07], [-0.2538178309414852, -0.9304449065530356, -0.2642895498516075, 1.3411045076766047e-07], [0.6444947970467816, -0.3664319500561276, 0.6710843382734935, 1.399999976158142], [0.0, 0.0, 0.0, 1.0]], "P": [[-339.74505615234375, -648.7944946289062, -91.60804748535156, 350.0001220703125], [-15.138656616210938, 15.76324462890625, -737.750244140625, 350.0000915527344], [0.6444946527481079, -0.6710842847824097, -0.3664320111274719, 1.399999976158142]]}