{"K": [[694.4444580078125, 0.0, 250.0], [0.0, 694.4444580078125, 250.0], [0.0, 0.0, 1.0]], "RT": [[0.5865649794011983, -1.7852801168351984e-08, 0.8099021210623301, 8.653967254903766e-09], [-0.3888728499423047, -0.8771875070875368, 0.28163795740491104, 1.490116119395778e-07], [0.7104360866423605, -0.48014794246483783, -0.5145275151308095, 1.399999976158142], [0.0, 0.0, 0.0, 1.0]], "P": [[584.94580078125, -433.8001708984375, -120.0369873046875, 350.0], [-92.44158935546875, -66.95004272460938, -729.1950073242188, 350.0000915527344], [0.7104360461235046, 0.5145274996757507, -0.48014792799949646, 1.399999976158142]]}