{"K": [[694.4444580078125, 0.0, 250.0], [0.0, 694.4444580078125, 250.0], [0.0, 0.0, 1.0]], "RT": [[-0.8751029757597409, -1.0497032384695726e-07, 0.4839368689028756, -2.4145793978449564e-07], [-0.2708872626435074, -0.8286564338770307, -0.48984558792765737, -4.470348368024943e-08], [0.4010174360191809, -0.5597575959269836, 0.7251596460778509, 1.399999976158142], [0.0, 0.0, 0.0, 1.0]], "P": [[-507.45599365234375, -517.3571166992188, -139.93946838378906, 349.9998474121094], [-87.86178588867188, 158.88059997558594, -715.3952026367188, 349.9999694824219], [0.4010173976421356, -0.7251595854759216, -0.5597575902938843, 1.399999976158142]]}