{"K": [[694.4444580078125, 0.0, 250.0], [0.0, 694.4444580078125, 250.0], [0.0, 0.0, 1.0]], "RT": [[-0.9433625981152077, -1.4142005348359656e-08, -0.33176236228541034, 4.6995324962753386e-07], [0.25181025960726616, -0.6510813006601165, -0.7160196485665897, -1.4156103116596376e-07], [-0.216004288732073, -0.7590079503175559, 0.614205969059057, 1.4000000953674319], [0.0, 0.0, 0.0, 1.0]], "P": [[-709.114501953125, 76.83914184570312, -189.7519989013672, 350.0003662109375], [120.86727905273438, 343.6847229003906, -641.8919067382812, 349.99993896484375], [-0.21600441634655, -0.6142061948776245, -0.7590078711509705, 1.4000000953674316]]}