{"K": [[694.4444580078125, 0.0, 250.0], [0.0, 694.4444580078125, 250.0], [0.0, 0.0, 1.0]], "RT": [[0.3508364012433038, 8.947216234329139e-08, -0.9364367534103181, -3.427195600369828e-08], [0.5914175321914915, -0.7753256641654985, 0.22157476427803355, 6.705522528013862e-08], [-0.726043403915182, -0.631561668007815, -0.27201251195403364, 1.4000000953674319], [0.0, 0.0, 0.0, 1.0]], "P": [[62.12554931640625, 718.3064575195312, -157.89036560058594, 350.0], [229.19583129882812, -85.86823272705078, -696.31103515625, 350.0000915527344], [-0.7260434627532959, 0.27201253175735474, -0.6315616369247437, 1.4000000953674316]]}