{"K": [[694.4444580078125, 0.0, 250.0], [0.0, 694.4444580078125, 250.0], [0.0, 0.0, 1.0]], "RT": [[0.4937088054049263, 2.2111528239358453e-08, 0.8696272660179585, -2.7204880130372488e-08], [-0.668219793216877, -0.6399723805146378, 0.37936484099956136, -2.9802322366374388e-08], [0.5565374069124709, -0.7683979408218162, -0.31595996068628757, 1.4000000953674316], [0.0, 0.0, 0.0, 1.0]], "P": [[481.98773193359375, -524.9178466796875, -192.09947204589844, 350.0], [-324.90716552734375, -184.45782470703125, -636.5247192382812, 350.0], [0.5565374493598938, 0.31595999002456665, -0.7683979272842407, 1.4000000953674316]]}