{"K": [[694.4444580078125, 0.0, 250.0], [0.0, 694.4444580078125, 250.0], [0.0, 0.0, 1.0]], "RT": [[-0.9774068486811543, -2.2187831104262353e-07, 0.21136674262112587, -1.3443163019563926e-07], [-0.11014398314719465, -0.8534929065004081, -0.5093311654341544, -8.940696733863465e-08], [0.18040012950945927, -0.5211044886883923, 0.8342097438698888, 1.3999999761581423], [0.0, 0.0, 0.0, 1.0]], "P": [[-633.6547241210938, -355.33489990234375, -130.27627563476562, 349.9999084472656], [-31.388839721679688, 145.14974975585938, -722.9794921875, 349.99993896484375], [0.18040011823177338, -0.8342097401618958, -0.5211045145988464, 1.399999976158142]]}