{"K": [[694.4444580078125, 0.0, 250.0], [0.0, 694.4444580078125, 250.0], [0.0, 0.0, 1.0]], "RT": [[0.7587821423968251, 1.4441125202570708e-07, -0.6513443900249494, 1.1110797969763097e-07], [0.32155708404520905, -0.8696422852303628, 0.3745971139543545, 2.3841857901638442e-07], [-0.5664367261942326, -0.493682114578625, -0.6598690718369526, 1.4000000953674316], [0.0, 0.0, 0.0, 1.0]], "P": [[385.32293701171875, 617.2899169921875, -123.42053985595703, 350.0001220703125], [81.69448852539062, -95.16963195800781, -727.3389892578125, 350.00018310546875], [-0.566436767578125, 0.6598693132400513, -0.4936821758747101, 1.4000000953674316]]}