{"K": [[694.4444580078125, 0.0, 250.0], [0.0, 694.4444580078125, 250.0], [0.0, 0.0, 1.0]], "RT": [[-0.20649837100837146, 1.7293121891382908e-08, 0.9784469252685591, -1.2926011549897787e-07], [-0.7610120944956315, -0.6285420248884629, -0.16060937386379454, -5.029141906576237e-08], [0.61499507478589, -0.7777755833987728, 0.12979293958698554, 1.399999976158142], [0.0, 0.0, 0.0, 1.0]], "P": [[10.34710693359375, -711.92529296875, -194.44387817382812, 349.9999084472656], [-374.73193359375, 79.08607482910156, -630.9315185546875, 349.9999694824219], [0.6149950623512268, -0.1297929286956787, -0.7777755856513977, 1.399999976158142]]}