{"K": [[694.4444580078125, 0.0, 250.0], [0.0, 694.4444580078125, 250.0], [0.0, 0.0, 1.0]], "RT": [[-0.7113949091361115, -3.325741548988386e-08, -0.7027925163828479, 4.3316852225518865e-08], [0.5802468642982214, -0.5642113386277444, -0.5873492916712446, -3.8264435193822015e-16], [-0.3965234613876392, -0.8256304035106188, 0.40137706931117, 1.3999999761581419], [0.0, 0.0, 0.0, 1.0]], "P": [[-593.1551513671875, 387.7060546875, -206.40762329101562, 350.0000305175781], [303.818359375, 307.5371398925781, -598.2210083007812, 350.0], [-0.39652347564697266, -0.4013770818710327, -0.8256304264068604, 1.399999976158142]]}