{"K": [[694.4444580078125, 0.0, 250.0], [0.0, 694.4444580078125, 250.0], [0.0, 0.0, 1.0]], "RT": [[0.8923218796483513, -1.1256703634783403e-07, 0.45139961866361605, -1.2074931986682264e-07], [-0.11741620877781055, -0.9655771925208456, 0.23210705189618144, 1.6391277311180829e-07], [0.4358612555674433, -0.260115879816654, -0.8616056325579056, 1.4000002145767212], [0.0, 0.0, 0.0, 1.0]], "P": [[728.63330078125, -98.07049560546875, -65.02898406982422, 349.9999694824219], [27.42620086669922, 54.21600341796875, -735.5690307617188, 350.00018310546875], [0.43586134910583496, 0.8616060614585876, -0.26011595129966736, 1.4000002145767212]]}