{"K": [[694.4444580078125, 0.0, 250.0], [0.0, 694.4444580078125, 250.0], [0.0, 0.0, 1.0]], "RT": [[-0.4915127747487342, 1.1287312213377463e-07, -0.8708702000507593, 1.757599931245635e-07], [0.07396867768687894, -0.9963862461422979, -0.041747417996042216, -5.029141900887863e-08], [-0.8677231835829857, -0.0849366750889538, 0.4897367088361953, 1.4000000953674314], [0.0, 0.0, 0.0, 1.0]], "P": [[-558.25927734375, 482.3369445800781, -21.23411750793457, 350.0001525878906], [-165.56362915039062, -93.44281005859375, -713.169189453125, 350.0], [-0.8677234053611755, -0.48973673582077026, -0.08493653684854507, 1.4000000953674316]]}