{"K": [[694.4444580078125, 0.0, 250.0], [0.0, 694.4444580078125, 250.0], [0.0, 0.0, 1.0]], "RT": [[-0.7555937875889477, 4.7018873360274104e-08, 0.6550403198672321, -2.5373046248000014e-07], [-0.10154443149418783, -0.9879112959506259, -0.11713214013000507, -7.450580595654116e-08], [0.6471217549367035, -0.1550201108227363, 0.7464597075157993, 1.4000000953674316], [0.0, 0.0, 0.0, 1.0]], "P": [[-362.93756103515625, -641.504150390625, -38.75496292114258, 349.9998474121094], [91.26345825195312, -105.27311706542969, -724.8045654296875, 349.9999694824219], [0.6471218466758728, -0.7464597821235657, -0.15502004325389862, 1.4000000953674316]]}