{"K": [[694.4444580078125, 0.0, 250.0], [0.0, 694.4444580078125, 250.0], [0.0, 0.0, 1.0]], "RT": [[-0.7102663745875952, -1.2047194688331356e-08, -0.7039327937047563, 7.990946498080726e-09], [0.06192105690668699, -0.9961235592538412, -0.06247810613927644, 4.4703483592378955e-08], [-0.7012040604729033, -0.08796449598404085, 0.7075132239627017, 1.4000000953674316], [0.0, 0.0, 0.0, 1.0]], "P": [[-668.5418090820312, 311.9639892578125, -21.99114227294922, 350.0000305175781], [-132.30027770996094, -133.4906463623047, -713.74365234375, 350.00006103515625], [-0.701204240322113, -0.7075132727622986, -0.08796438574790955, 1.4000000953674316]]}