{"K": [[694.4444580078125, 0.0, 250.0], [0.0, 694.4444580078125, 250.0], [0.0, 0.0, 1.0]], "RT": [[0.31375358142404763, -1.6213779563094218e-07, 0.9495043368417531, -1.3818716132044026e-07], [-0.47109465809774764, -0.8682379252176078, 0.15566811315981796, 4.0978193352042685e-08], [0.8243957711073379, -0.4961479886134185, -0.2724127528684886, 1.4000000953674314], [0.0, 0.0, 0.0, 1.0]], "P": [[423.9833984375, -591.2749633789062, -124.03702545166016, 349.99993896484375], [-121.05021667480469, -39.9996337890625, -726.9801025390625, 350.00006103515625], [0.8243958353996277, 0.27241289615631104, -0.4961479604244232, 1.4000000953674316]]}