{"K": [[694.4444580078125, 0.0, 250.0], [0.0, 694.4444580078125, 250.0], [0.0, 0.0, 1.0]], "RT": [[-0.6362396597198549, 1.8462412769278038e-08, 0.7714915893587722, 1.8099899528813268e-07], [-0.039904379957741494, -0.9986614735249125, -0.03290869061405923, 9.313225748047689e-09], [0.7704589185647457, -0.05172360110055686, 0.6353879958471887, 1.3999998569488525], [0.0, 0.0, 0.0, 1.0]], "P": [[-249.21832275390625, -694.60498046875, -12.93094539642334, 350.0000915527344], [164.90335083007812, -135.99378967285156, -706.44580078125, 349.9999694824219], [0.7704587578773499, -0.6353878974914551, -0.051723696291446686, 1.3999998569488525]]}