{"K": [[694.4444580078125, 0.0, 250.0], [0.0, 694.4444580078125, 250.0], [0.0, 0.0, 1.0]], "RT": [[-0.9593724426519468, 1.4739280771960899e-08, 0.2821424891403485, -5.685308223685244e-07], [-0.020801348715233224, -0.9972785074222048, -0.07073100361723975, 1.7695128909170872e-08], [0.2813746173392628, -0.07372637185470537, 0.9567615784811417, 1.3999999761581423], [0.0, 0.0, 0.0, 1.0]], "P": [[-595.8872680664062, -435.1226806640625, -18.43156623840332, 349.9996032714844], [55.898277282714844, -190.0716094970703, -710.9861450195312, 350.0], [0.28137466311454773, -0.9567615985870361, -0.07372632622718811, 1.399999976158142]]}