{"K": [[694.4444580078125, 0.0, 250.0], [0.0, 694.4444580078125, 250.0], [0.0, 0.0, 1.0]], "RT": [[-0.6559301307856689, 1.4229411728361865e-07, -0.7548212848274598, 2.879998815287795e-07], [0.11815708298865556, -0.9876720345101457, -0.1026770856912555, -2.533197402734076e-07], [-0.7455160139568386, -0.15653673479033542, 0.6478440731266365, 1.4000000953674314], [0.0, 0.0, 0.0, 1.0]], "P": [[-641.8863525390625, 362.2206726074219, -39.13410568237305, 350.000244140625], [-104.32543182373047, -90.65733337402344, -725.0177001953125, 349.9998474121094], [-0.7455162405967712, -0.647844135761261, -0.1565365493297577, 1.4000000953674316]]}