{"K": [[694.4444580078125, 0.0, 250.0], [0.0, 694.4444580078125, 250.0], [0.0, 0.0, 1.0]], "RT": [[0.7083681143627819, -1.4556902058901003e-07, 0.7058431099845873, -2.4565855460360027e-07], [-0.36146391736770606, -0.8589243046197975, 0.3627569123986581, 2.3841857923934273e-07], [0.6062658744738045, -0.5121023672430056, -0.6084345243087669, 1.4000000953674314], [0.0, 0.0, 0.0, 1.0]], "P": [[643.48876953125, -338.06024169921875, -128.02560424804688, 349.9998474121094], [-99.45027160644531, -99.80589294433594, -724.5009765625, 350.00018310546875], [0.6062659621238708, 0.6084348559379578, -0.5121024250984192, 1.4000000953674316]]}