{"K": [[694.4444580078125, 0.0, 250.0], [0.0, 694.4444580078125, 250.0], [0.0, 0.0, 1.0]], "RT": [[-0.9920000655076733, 3.1373429949156516e-07, 0.12623530427793717, -8.188882247878827e-07], [-0.06966088342613876, -0.833955471421067, -0.5474168316878134, -2.6170164338291146e-07], [0.10527446957487953, -0.5518316472892382, 0.8272841339059079, 1.4000000953674316], [0.0, 0.0, 0.0, 1.0]], "P": [[-662.5706787109375, -294.48455810546875, -137.9576416015625, 349.99945068359375], [-22.057022094726562, 173.32981872558594, -717.0938110351562, 349.9998474121094], [0.1052745059132576, -0.8272843360900879, -0.5518314838409424, 1.4000000953674316]]}