{"K": [[694.4444580078125, 0.0, 250.0], [0.0, 694.4444580078125, 250.0], [0.0, 0.0, 1.0]], "RT": [[0.8497500542682265, -1.4543902090376579e-08, 0.5271857795595658, -7.509945724833629e-08], [-0.3792056011294421, -0.6946978899122381, 0.611226606581785, 7.450580611697228e-08], [0.36623485405030654, -0.7193016603891568, -0.5903195285081598, 1.4000000953674316], [0.0, 0.0, 0.0, 1.0]], "P": [[681.6629028320312, -218.5213623046875, -179.8253936767578, 349.9999694824219], [-171.77853393554688, -276.883056640625, -662.2545166015625, 350.0000915527344], [0.36623483896255493, 0.5903195738792419, -0.7193016409873962, 1.4000000953674316]]}